User,Tweet,Date,Hashtags,Image
iambored0p,"RT @iShartted69: Enviromental Kill 
#Memes #memesdaily #fights #streetfight https://t.co/J2jWXrNR81",2021-04-08 03:35:04+00:00,"[{'text': 'Memes', 'indices': [36, 42]}, {'text': 'memesdaily', 'indices': [43, 54]}, {'text': 'fights', 'indices': [55, 62]}, {'text': 'streetfight', 'indices': [63, 75]}]",http://pbs.twimg.com/ext_tw_video_thumb/1490909599297376256/pu/img/WJfpZAxUNg8O1QPn.jpg
iambored0p,"RT @iShartted69: He's channeling a Courage the Cowardly Dog episode
#Memes #memesdaily #drugs #CouragetheCowardlyDog https://t.co/hlySMG6lr0",2021-04-08 03:35:04+00:00,"[{'text': 'Memes', 'indices': [68, 74]}, {'text': 'memesdaily', 'indices': [75, 86]}, {'text': 'drugs', 'indices': [87, 93]}, {'text': 'CouragetheCowardlyDog', 'indices': [94, 116]}]",http://pbs.twimg.com/ext_tw_video_thumb/1486765696528883713/pu/img/f13UDibdqjWraXZQ.jpg
iambored0p,RT @iShartted69: #Schizophrenia #Memes #memesdaily #memestagram https://t.co/X25ATfwcf4,2021-04-08 03:35:04+00:00,"[{'text': 'Schizophrenia', 'indices': [17, 31]}, {'text': 'Memes', 'indices': [32, 38]}, {'text': 'memesdaily', 'indices': [39, 50]}, {'text': 'memestagram', 'indices': [51, 63]}]",http://pbs.twimg.com/media/FKOQJLrX0AQp2j8.jpg
iambored0p,RT @iShartted69: #WillemDafoe #Memes #memesdaily #lol https://t.co/a1Mn9qxR24,2021-04-08 03:35:04+00:00,"[{'text': 'WillemDafoe', 'indices': [17, 29]}, {'text': 'Memes', 'indices': [30, 36]}, {'text': 'memesdaily', 'indices': [37, 48]}, {'text': 'lol', 'indices': [49, 53]}]",http://pbs.twimg.com/tweet_video_thumb/FJ-KYZtXwAMotWk.jpg
iambored0p,RT @iShartted69: #Memes #memesdaily #reddit https://t.co/QxV3TSadok,2021-04-08 03:35:04+00:00,"[{'text': 'Memes', 'indices': [17, 23]}, {'text': 'memesdaily', 'indices': [24, 35]}, {'text': 'reddit', 'indices': [36, 43]}]",http://pbs.twimg.com/ext_tw_video_thumb/1481811352272482307/pu/img/fPMf4ZhrRL4fgVgj.jpg
iambored0p,RT @iShartted69: #ClashOfClans #Memes #memesdaily https://t.co/9GDbpSAmlT,2021-04-08 03:35:04+00:00,"[{'text': 'ClashOfClans', 'indices': [17, 30]}, {'text': 'Memes', 'indices': [31, 37]}, {'text': 'memesdaily', 'indices': [38, 49]}]",http://pbs.twimg.com/ext_tw_video_thumb/1479229637301571587/pu/img/-MDWdgEElOWdBhJn.jpg
iambored0p,RT @iShartted69: #memesdaily #memes https://t.co/iTfNomudJp,2021-04-08 03:35:04+00:00,"[{'text': 'memesdaily', 'indices': [17, 28]}, {'text': 'memes', 'indices': [29, 35]}]",http://pbs.twimg.com/media/FIHM6y1XIAkPJGk.jpg
iambored0p,RT @iShartted69: #Memes #memesdaily #meme #comics #comic https://t.co/CdfqHOF1k9,2021-04-08 03:35:04+00:00,"[{'text': 'Memes', 'indices': [17, 23]}, {'text': 'memesdaily', 'indices': [24, 35]}, {'text': 'meme', 'indices': [36, 41]}, {'text': 'comics', 'indices': [42, 49]}, {'text': 'comic', 'indices': [50, 56]}]",http://pbs.twimg.com/media/FH9TYZ4XsAkbjFC.jpg
iambored0p,RT @iShartted69: #memesdaily #memestagram #memes #bruh #cats #CatsOfTwitter #CatsOnTwitter https://t.co/wEU3yiPLaO,2021-04-08 03:35:04+00:00,"[{'text': 'memesdaily', 'indices': [17, 28]}, {'text': 'memestagram', 'indices': [29, 41]}, {'text': 'memes', 'indices': [42, 48]}, {'text': 'bruh', 'indices': [49, 54]}, {'text': 'cats', 'indices': [55, 60]}, {'text': 'CatsOfTwitter', 'indices': [61, 75]}, {'text': 'CatsOnTwitter', 'indices': [76, 90]}]",http://pbs.twimg.com/ext_tw_video_thumb/1476638443837009921/pu/img/xoypjUw-jMhwPWdz.jpg
iambored0p,RT @iShartted69: #Memes #memesdaily #gymlife #gymmotivation #lol #reddit https://t.co/GbdstNALoH,2021-04-08 03:35:04+00:00,"[{'text': 'Memes', 'indices': [17, 23]}, {'text': 'memesdaily', 'indices': [24, 35]}, {'text': 'gymlife', 'indices': [36, 44]}, {'text': 'gymmotivation', 'indices': [45, 59]}, {'text': 'lol', 'indices': [60, 64]}, {'text': 'reddit', 'indices': [65, 72]}]",http://pbs.twimg.com/media/FHyz_6sXwAEevmu.jpg
iambored0p,RT @iShartted69: #memesdaily #memes2021 #Memes https://t.co/Z3qD70Akv9,2021-04-08 03:35:04+00:00,"[{'text': 'memesdaily', 'indices': [17, 28]}, {'text': 'memes2021', 'indices': [29, 39]}, {'text': 'Memes', 'indices': [40, 46]}]",http://pbs.twimg.com/ext_tw_video_thumb/1473340038842925058/pu/img/5rDnyQqvkBgICJ-p.jpg
iambored0p,RT @iShartted69: #PublicFreakout #British #Britain #Memes #memesdaily #crackhead https://t.co/YVHFS8H2vl,2021-04-08 03:35:04+00:00,"[{'text': 'PublicFreakout', 'indices': [17, 32]}, {'text': 'British', 'indices': [33, 41]}, {'text': 'Britain', 'indices': [42, 50]}, {'text': 'Memes', 'indices': [51, 57]}, {'text': 'memesdaily', 'indices': [58, 69]}, {'text': 'crackhead', 'indices': [70, 80]}]",http://pbs.twimg.com/ext_tw_video_thumb/1471932053511974913/pu/img/qlh0_N2tPEThQJWl.jpg
BradleySquiggle,RT @darkmemesx: His last Dance üòÇüòÇ #memes2022 #Memes #memesdaily #darkmeme #DarkHumour https://t.co/k0uttlXElU,2019-09-17 19:35:29+00:00,"[{'text': 'memes2022', 'indices': [34, 44]}, {'text': 'Memes', 'indices': [45, 51]}, {'text': 'memesdaily', 'indices': [52, 63]}, {'text': 'darkmeme', 'indices': [64, 73]}, {'text': 'DarkHumour', 'indices': [74, 85]}]",http://pbs.twimg.com/ext_tw_video_thumb/1511269625023156231/pu/img/DZXao6iRVquezvkk.jpg
DankRedditBot,when somone says something weird #dankmemes #memes #memesdaily https://t.co/cfkcjTZjJy https://t.co/GrmULzaxEc,2019-09-09 18:16:18+00:00,"[{'text': 'dankmemes', 'indices': [33, 43]}, {'text': 'memes', 'indices': [44, 50]}, {'text': 'memesdaily', 'indices': [51, 62]}]",http://pbs.twimg.com/media/FPnP_8sVkAA0_Bt.jpg
MisterPumu,M√°s solos imposible #twittermemes #memes #memesespa√±ol #memesdaily https://t.co/HnLh7ZoxJn,2022-03-13 14:48:32+00:00,"[{'text': 'twittermemes', 'indices': [20, 33]}, {'text': 'memes', 'indices': [34, 40]}, {'text': 'memesespa√±ol', 'indices': [41, 54]}, {'text': 'memesdaily', 'indices': [55, 66]}]",http://pbs.twimg.com/media/FPnQA8BXsAQQ0a9.jpg
mem3foreveryone,#meme #memeforeveryone #memes #ilovememes #memesdaily ü§£ ü§£ ü§£ üòÇ https://t.co/d5poshG04I,2019-09-19 07:07:22+00:00,"[{'text': 'meme', 'indices': [0, 5]}, {'text': 'memeforeveryone', 'indices': [6, 22]}, {'text': 'memes', 'indices': [23, 29]}, {'text': 'ilovememes', 'indices': [30, 41]}, {'text': 'memesdaily', 'indices': [42, 53]}]",http://pbs.twimg.com/media/FPnSS4XX0A0f7kX.jpg
memesbychroath,200 I.Q. #dankmemes #memes #memesdaily https://t.co/hL8yrEKb97 https://t.co/20ayFs1g6R,2019-06-09 19:21:49+00:00,"[{'text': 'dankmemes', 'indices': [9, 19]}, {'text': 'memes', 'indices': [20, 26]}, {'text': 'memesdaily', 'indices': [27, 38]}]",http://pbs.twimg.com/media/FPnS-6CXEAQQcWW.jpg
TheSportsGear_,RT @iShartted69: #Memes #memesdaily #gymlife #gymmotivation #lol #reddit https://t.co/GbdstNALoH,2018-04-10 05:05:05+00:00,"[{'text': 'Memes', 'indices': [17, 23]}, {'text': 'memesdaily', 'indices': [24, 35]}, {'text': 'gymlife', 'indices': [36, 44]}, {'text': 'gymmotivation', 'indices': [45, 59]}, {'text': 'lol', 'indices': [60, 64]}, {'text': 'reddit', 'indices': [65, 72]}]",http://pbs.twimg.com/media/FHyz_6sXwAEevmu.jpg
itsakevintown,#Memes #memesdaily https://t.co/w24GYtn2lD,2022-02-24 19:49:52+00:00,"[{'text': 'Memes', 'indices': [0, 6]}, {'text': 'memesdaily', 'indices': [7, 18]}]",http://pbs.twimg.com/ext_tw_video_thumb/1511474062568173568/pu/img/YhGN731coiNXIKYf.jpg
faktotum691,"ü§î Hm. Stimmtz.

#memy #memesdaily https://t.co/0kzMXfx3CJ",2017-04-09 18:46:31+00:00,"[{'text': 'memy', 'indices': [16, 21]}, {'text': 'memesdaily', 'indices': [22, 33]}]",http://pbs.twimg.com/media/FPnXBDaWQAA2gsV.jpg
faktotum691,"Yes.
With #cat üòÖ
#memy #memesdaily https://t.co/hqDN5nlyP1",2017-04-09 18:46:31+00:00,"[{'text': 'cat', 'indices': [10, 14]}, {'text': 'memy', 'indices': [17, 22]}, {'text': 'memesdaily', 'indices': [23, 34]}]",http://pbs.twimg.com/media/FPnXr2IWYAYjmdL.jpg
plaguefather420,"This is me as a partner
-
#Memes  #memes #memesdaily #funny #funniesttweets #dankmemes https://t.co/1PA2xjnDax",2022-01-30 15:30:56+00:00,"[{'text': 'Memes', 'indices': [26, 32]}, {'text': 'memes', 'indices': [34, 40]}, {'text': 'memesdaily', 'indices': [41, 52]}, {'text': 'funny', 'indices': [53, 59]}, {'text': 'funniesttweets', 'indices': [60, 75]}, {'text': 'dankmemes', 'indices': [76, 86]}]",http://pbs.twimg.com/media/FPB-fQmWQBcScjX.jpg
faktotum691,"‚ò∫Ô∏è
#gutnagt #memy #memesdaily https://t.co/WVIt1QK2CU",2017-04-09 18:46:31+00:00,"[{'text': 'gutnagt', 'indices': [3, 11]}, {'text': 'memy', 'indices': [12, 17]}, {'text': 'memesdaily', 'indices': [18, 29]}]",http://pbs.twimg.com/media/FPnaQ16XsAA6DAc.jpg
EdgelordHQ,When your son does the Fortnite dance you know what to do now. #DarkJokes #darkhumor #memesdaily https://t.co/8RnpKtfDnt,2022-04-02 03:18:22+00:00,"[{'text': 'DarkJokes', 'indices': [63, 73]}, {'text': 'darkhumor', 'indices': [74, 84]}, {'text': 'memesdaily', 'indices': [85, 96]}]",http://pbs.twimg.com/media/FPnbIJmWUAQhHX9.jpg
EdgelordHQ,How many times do you use LMAO in chat? #darkhumor #offensivememes #DarkJokes #memesdaily #darkmemes #Orphans https://t.co/paJKQp4Zww,2022-04-02 03:18:22+00:00,"[{'text': 'darkhumor', 'indices': [40, 50]}, {'text': 'offensivememes', 'indices': [51, 66]}, {'text': 'DarkJokes', 'indices': [67, 77]}, {'text': 'memesdaily', 'indices': [78, 89]}, {'text': 'darkmemes', 'indices': [90, 100]}, {'text': 'Orphans', 'indices': [101, 109]}]",http://pbs.twimg.com/media/FPndNlEXsAAvWcB.jpg
PycWilliam,RT @crandor13: well fuck #Memes #memesdaily #funny https://t.co/AsgCyOe6NA,2021-09-29 21:45:47+00:00,"[{'text': 'Memes', 'indices': [25, 31]}, {'text': 'memesdaily', 'indices': [32, 43]}, {'text': 'funny', 'indices': [44, 50]}]",http://pbs.twimg.com/media/FPdBd9RXwAEpjxG.jpg
memesbychroath,Sorry if this meme is a bit too sexy #dankmemes #memes #memesdaily https://t.co/Q3AIOJhvG8 https://t.co/lZER5Qpb9S,2019-06-09 19:21:49+00:00,"[{'text': 'dankmemes', 'indices': [37, 47]}, {'text': 'memes', 'indices': [48, 54]}, {'text': 'memesdaily', 'indices': [55, 66]}]",http://pbs.twimg.com/tweet_video_thumb/FPnfw3CXsAM0B3y.jpg
EdgelordHQ,He won her heart this is why you should read Osama's book.  #offensivememes #memesdaily #darkhumor #DarkJokes https://t.co/pUJEhQ1quc,2022-04-02 03:18:22+00:00,"[{'text': 'offensivememes', 'indices': [60, 75]}, {'text': 'memesdaily', 'indices': [76, 87]}, {'text': 'darkhumor', 'indices': [88, 98]}, {'text': 'DarkJokes', 'indices': [99, 109]}]",http://pbs.twimg.com/media/FPnf0QfXIAMyhs9.jpg
mem3foreveryone,#meme #memeforeveryone #memes #ilovememes #memesdaily ü§£ ü§£ ü§£ üòÇ https://t.co/QEDiydRlw6,2019-09-19 07:07:22+00:00,"[{'text': 'meme', 'indices': [0, 5]}, {'text': 'memeforeveryone', 'indices': [6, 22]}, {'text': 'memes', 'indices': [23, 29]}, {'text': 'ilovememes', 'indices': [30, 41]}, {'text': 'memesdaily', 'indices': [42, 53]}]",http://pbs.twimg.com/media/FPnf4-7WYAIH7oo.jpg
TodaysMem,"A Ty? Jakim u≈õmiechem jeste≈õ dzisiaj? 

#memes #memeM #memy #memesdaily #sad #happy #Poland https://t.co/HpPpBaxwHz",2022-02-18 14:31:49+00:00,"[{'text': 'memes', 'indices': [40, 46]}, {'text': 'memeM', 'indices': [47, 53]}, {'text': 'memy', 'indices': [54, 59]}, {'text': 'memesdaily', 'indices': [60, 71]}, {'text': 'sad', 'indices': [72, 76]}, {'text': 'happy', 'indices': [77, 83]}, {'text': 'Poland', 'indices': [84, 91]}]",http://pbs.twimg.com/media/FPngezxWUAMb_ZD.jpg
yasir_pace,"ü•≤ü•≤ü•≤ THIS IS ME !!
#Memes #memesdaily https://t.co/KYz64IyxBT",2022-04-05 16:01:31+00:00,"[{'text': 'Memes', 'indices': [18, 24]}, {'text': 'memesdaily', 'indices': [25, 36]}]",http://pbs.twimg.com/media/FPngq2OWUAMtJV4.jpg
Ghost_nrg_,#dankmemea #memesdaily https://t.co/xA7nCiLxEX,2021-10-08 19:19:48+00:00,"[{'text': 'dankmemea', 'indices': [0, 10]}, {'text': 'memesdaily', 'indices': [11, 22]}]",http://pbs.twimg.com/ext_tw_video_thumb/1511486903077515267/pu/img/CsAjMMkfz2PkYQP8.jpg
DankRedditBot,Invest in life coach #dankmemes #memes #memesdaily https://t.co/ehjYIzw3UM https://t.co/Gki5v04ySZ,2019-09-09 18:16:18+00:00,"[{'text': 'dankmemes', 'indices': [21, 31]}, {'text': 'memes', 'indices': [32, 38]}, {'text': 'memesdaily', 'indices': [39, 50]}]",http://pbs.twimg.com/media/FPniViCVcAA_DOa.jpg
ClasicoYa,"#qatar2022 #WorldCup2022
#elyacl√°sico #memes #MemedelD√≠a #memesdaily #dankmemes https://t.co/lXi2RHzcDf",2020-02-04 00:07:18+00:00,"[{'text': 'qatar2022', 'indices': [0, 10]}, {'text': 'WorldCup2022', 'indices': [11, 24]}, {'text': 'elyacl√°sico', 'indices': [25, 37]}, {'text': 'memes', 'indices': [38, 44]}, {'text': 'MemedelD√≠a', 'indices': [45, 56]}, {'text': 'memesdaily', 'indices': [57, 68]}, {'text': 'dankmemes', 'indices': [69, 79]}]",http://pbs.twimg.com/media/FPnkGxbWQAM3hrF.jpg
Slopez30,When you think you are good at math #dankmemes #memesdaily #TWITTERMEMES https://t.co/oHcZ3t5FC4,2010-01-19 05:49:05+00:00,"[{'text': 'dankmemes', 'indices': [36, 46]}, {'text': 'memesdaily', 'indices': [47, 58]}, {'text': 'TWITTERMEMES', 'indices': [59, 72]}]",http://pbs.twimg.com/media/FPnpGEdVIAEzEzR.jpg
ExcFunny,#coolmoon #burgerking #funny #memes #memesdaily #dailymemes #exceptionablyfunny https://t.co/ZGy9dh2oI6,2022-01-03 02:26:59+00:00,"[{'text': 'coolmoon', 'indices': [0, 9]}, {'text': 'burgerking', 'indices': [10, 21]}, {'text': 'funny', 'indices': [22, 28]}, {'text': 'memes', 'indices': [29, 35]}, {'text': 'memesdaily', 'indices': [36, 47]}, {'text': 'dailymemes', 'indices': [48, 59]}, {'text': 'exceptionablyfunny', 'indices': [60, 79]}]",http://pbs.twimg.com/media/FPnsRb6XwAMb7If.jpg
awwrosie_,"A MINOR üíÄ
#MEMES #memesdaily #teenagers #minor #clubpenguin #Twitter #emogirl https://t.co/bOt1dYBXzd",2022-02-22 08:47:03+00:00,"[{'text': 'MEMES', 'indices': [10, 16]}, {'text': 'memesdaily', 'indices': [17, 28]}, {'text': 'teenagers', 'indices': [29, 39]}, {'text': 'minor', 'indices': [40, 46]}, {'text': 'clubpenguin', 'indices': [47, 59]}, {'text': 'Twitter', 'indices': [60, 68]}, {'text': 'emogirl', 'indices': [69, 77]}]",http://pbs.twimg.com/ext_tw_video_thumb/1511504064991096833/pu/img/PMPlacq2mUlpcXlL.jpg
slamxpai,"RT @plaguefather420: I'm burping bubbles too
-
#Memes  #memes #memesdaily #funny #funniesttweets #dankmemes https://t.co/7YSIATNXpz",2021-07-19 10:46:49+00:00,"[{'text': 'Memes', 'indices': [47, 53]}, {'text': 'memes', 'indices': [55, 61]}, {'text': 'memesdaily', 'indices': [62, 73]}, {'text': 'funny', 'indices': [74, 80]}, {'text': 'funniesttweets', 'indices': [81, 96]}, {'text': 'dankmemes', 'indices': [97, 107]}]",http://pbs.twimg.com/media/FPB-QkoXIAwMB2I.jpg
Los40Ver,"üßê¬øLo encontraste?ü•∏üëÄ 
#humor #meme #memesdaily #memesespa√±ol #memes https://t.co/qIavl1zeZ0",2011-12-21 17:03:16+00:00,"[{'text': 'humor', 'indices': [21, 27]}, {'text': 'meme', 'indices': [28, 33]}, {'text': 'memesdaily', 'indices': [34, 45]}, {'text': 'memesespa√±ol', 'indices': [46, 59]}, {'text': 'memes', 'indices': [60, 66]}]",http://pbs.twimg.com/media/FPnx_cNXsAQ2KsK.jpg
HappyHemorrhoid,#Memes #memecoin #MemeContest #memesdaily #memecoins #MemeUniversity #Truth #LOTR #lotrmemes https://t.co/OyBMXoYCel,2014-09-12 19:15:53+00:00,"[{'text': 'Memes', 'indices': [0, 6]}, {'text': 'memecoin', 'indices': [7, 16]}, {'text': 'MemeContest', 'indices': [17, 29]}, {'text': 'memesdaily', 'indices': [30, 41]}, {'text': 'memecoins', 'indices': [42, 52]}, {'text': 'MemeUniversity', 'indices': [53, 68]}, {'text': 'Truth', 'indices': [69, 75]}, {'text': 'LOTR', 'indices': [76, 81]}, {'text': 'lotrmemes', 'indices': [82, 92]}]",http://pbs.twimg.com/media/FPnzaBUXwAYHY4X.jpg
HappyHemorrhoid,#Memes #memecoin #MemeContest #memesdaily #memecoins #MemeUniversity #Truth #MEMETECH https://t.co/OBGuWyKNvp,2014-09-12 19:15:53+00:00,"[{'text': 'Memes', 'indices': [0, 6]}, {'text': 'memecoin', 'indices': [7, 16]}, {'text': 'MemeContest', 'indices': [17, 29]}, {'text': 'memesdaily', 'indices': [30, 41]}, {'text': 'memecoins', 'indices': [42, 52]}, {'text': 'MemeUniversity', 'indices': [53, 68]}, {'text': 'Truth', 'indices': [69, 75]}, {'text': 'MEMETECH', 'indices': [76, 85]}]",http://pbs.twimg.com/media/FPnz3hMWUAYQm3b.jpg
HappyHemorrhoid,#Memes #memecoin #MemeContest #memesdaily #memecoins #MemeUniversity #Truth #MEMETECH https://t.co/0tGO7B2VrA,2014-09-12 19:15:53+00:00,"[{'text': 'Memes', 'indices': [0, 6]}, {'text': 'memecoin', 'indices': [7, 16]}, {'text': 'MemeContest', 'indices': [17, 29]}, {'text': 'memesdaily', 'indices': [30, 41]}, {'text': 'memecoins', 'indices': [42, 52]}, {'text': 'MemeUniversity', 'indices': [53, 68]}, {'text': 'Truth', 'indices': [69, 75]}, {'text': 'MEMETECH', 'indices': [76, 85]}]",http://pbs.twimg.com/media/FPnz8NmWQAU0Ohj.jpg
HappyHemorrhoid,#Memes #memecoin #MemeContest #memesdaily #memecoins #MemeUniversity #Truth #MEMETECH https://t.co/k0C7ZjKcp2,2014-09-12 19:15:53+00:00,"[{'text': 'Memes', 'indices': [0, 6]}, {'text': 'memecoin', 'indices': [7, 16]}, {'text': 'MemeContest', 'indices': [17, 29]}, {'text': 'memesdaily', 'indices': [30, 41]}, {'text': 'memecoins', 'indices': [42, 52]}, {'text': 'MemeUniversity', 'indices': [53, 68]}, {'text': 'Truth', 'indices': [69, 75]}, {'text': 'MEMETECH', 'indices': [76, 85]}]",http://pbs.twimg.com/media/FPn0AM-WQAE3BCZ.jpg
HappyHemorrhoid,#Memes #memecoin #MemeContest #memesdaily #memecoins #MemeUniversity #Truth #MEMETECH #Godzilla https://t.co/PKJ01GqYjz,2014-09-12 19:15:53+00:00,"[{'text': 'Memes', 'indices': [0, 6]}, {'text': 'memecoin', 'indices': [7, 16]}, {'text': 'MemeContest', 'indices': [17, 29]}, {'text': 'memesdaily', 'indices': [30, 41]}, {'text': 'memecoins', 'indices': [42, 52]}, {'text': 'MemeUniversity', 'indices': [53, 68]}, {'text': 'Truth', 'indices': [69, 75]}, {'text': 'MEMETECH', 'indices': [76, 85]}, {'text': 'Godzilla', 'indices': [86, 95]}]",http://pbs.twimg.com/media/FPn0F5IXoA8EBfK.jpg
HappyHemorrhoid,#Memes #memecoin #MemeContest #memesdaily #memecoins #MemeUniversity #Truth #MEMETECH #TigerKing https://t.co/w3TAd0fyYl,2014-09-12 19:15:53+00:00,"[{'text': 'Memes', 'indices': [0, 6]}, {'text': 'memecoin', 'indices': [7, 16]}, {'text': 'MemeContest', 'indices': [17, 29]}, {'text': 'memesdaily', 'indices': [30, 41]}, {'text': 'memecoins', 'indices': [42, 52]}, {'text': 'MemeUniversity', 'indices': [53, 68]}, {'text': 'Truth', 'indices': [69, 75]}, {'text': 'MEMETECH', 'indices': [76, 85]}, {'text': 'TigerKing', 'indices': [86, 96]}]",http://pbs.twimg.com/media/FPn0MSuWQAs6PR6.jpg
HappyHemorrhoid,#Memes #memecoin #MemeContest #memesdaily #memecoins #MemeUniversity #Truth #MEMETECH https://t.co/w8EAMKzVOF,2014-09-12 19:15:53+00:00,"[{'text': 'Memes', 'indices': [0, 6]}, {'text': 'memecoin', 'indices': [7, 16]}, {'text': 'MemeContest', 'indices': [17, 29]}, {'text': 'memesdaily', 'indices': [30, 41]}, {'text': 'memecoins', 'indices': [42, 52]}, {'text': 'MemeUniversity', 'indices': [53, 68]}, {'text': 'Truth', 'indices': [69, 75]}, {'text': 'MEMETECH', 'indices': [76, 85]}]",http://pbs.twimg.com/media/FPn0QXSXoAIpFjg.jpg
HappyHemorrhoid,#Memes #memecoin #MemeContest #memesdaily #memecoins #MemeUniversity #Truth #MEMETECH #anime https://t.co/j9cnOPLm3z,2014-09-12 19:15:53+00:00,"[{'text': 'Memes', 'indices': [0, 6]}, {'text': 'memecoin', 'indices': [7, 16]}, {'text': 'MemeContest', 'indices': [17, 29]}, {'text': 'memesdaily', 'indices': [30, 41]}, {'text': 'memecoins', 'indices': [42, 52]}, {'text': 'MemeUniversity', 'indices': [53, 68]}, {'text': 'Truth', 'indices': [69, 75]}, {'text': 'MEMETECH', 'indices': [76, 85]}, {'text': 'anime', 'indices': [86, 92]}]",http://pbs.twimg.com/media/FPn0Xl9WYAEnfIQ.jpg
ClasicoYa,"#Bitcoin no discrimina tu posici√≥n financiera.
#elyacl√°sico #memes #MemedelD√≠a #memesdaily #dankmemes https://t.co/4X0WUluSKT",2020-02-04 00:07:18+00:00,"[{'text': 'Bitcoin', 'indices': [0, 8]}, {'text': 'elyacl√°sico', 'indices': [47, 59]}, {'text': 'memes', 'indices': [60, 66]}, {'text': 'MemedelD√≠a', 'indices': [67, 78]}, {'text': 'memesdaily', 'indices': [79, 90]}, {'text': 'dankmemes', 'indices': [91, 101]}]",http://pbs.twimg.com/media/FO4jshOXoAER1xU.jpg
plaguefather420,"Probably better than dropping it
-
#Memes  #memes #memesdaily #funny #funniesttweets #dankmemes https://t.co/ZuWE2u4Pv8",2022-01-30 15:30:56+00:00,"[{'text': 'Memes', 'indices': [35, 41]}, {'text': 'memes', 'indices': [43, 49]}, {'text': 'memesdaily', 'indices': [50, 61]}, {'text': 'funny', 'indices': [62, 68]}, {'text': 'funniesttweets', 'indices': [69, 84]}, {'text': 'dankmemes', 'indices': [85, 95]}]",http://pbs.twimg.com/media/FPB-lKMXMAYFMe3.jpg
HappyHemorrhoid,#Memes #memecoin #MemeContest #memesdaily #memecoins #MemeUniversity #Truth #MEMETECH https://t.co/QzssavNiJJ,2014-09-12 19:15:53+00:00,"[{'text': 'Memes', 'indices': [0, 6]}, {'text': 'memecoin', 'indices': [7, 16]}, {'text': 'MemeContest', 'indices': [17, 29]}, {'text': 'memesdaily', 'indices': [30, 41]}, {'text': 'memecoins', 'indices': [42, 52]}, {'text': 'MemeUniversity', 'indices': [53, 68]}, {'text': 'Truth', 'indices': [69, 75]}, {'text': 'MEMETECH', 'indices': [76, 85]}]",http://pbs.twimg.com/media/FPn1pbHXsAcJA5s.jpg
kayuness,RT @HappyHemorrhoid: #Memes #memecoin #MemeContest #memesdaily #memecoins #MemeUniversity #Truth #MEMETECH #anime https://t.co/j9cnOPLm3z,2015-12-10 18:25:34+00:00,"[{'text': 'Memes', 'indices': [21, 27]}, {'text': 'memecoin', 'indices': [28, 37]}, {'text': 'MemeContest', 'indices': [38, 50]}, {'text': 'memesdaily', 'indices': [51, 62]}, {'text': 'memecoins', 'indices': [63, 73]}, {'text': 'MemeUniversity', 'indices': [74, 89]}, {'text': 'Truth', 'indices': [90, 96]}, {'text': 'MEMETECH', 'indices': [97, 106]}, {'text': 'anime', 'indices': [107, 113]}]",http://pbs.twimg.com/media/FPn0Xl9WYAEnfIQ.jpg
inter555_cosmos,"üëè Meme üëè Reviewüëè
I'd rate this a 10/10 Marvel meme.
#reddit #memesdaily https://t.co/Jk4xra1Upz",2017-10-23 21:54:36+00:00,"[{'text': 'reddit', 'indices': [52, 59]}, {'text': 'memesdaily', 'indices': [60, 71]}]",http://pbs.twimg.com/media/FPn4vCBVcAEcNhP.jpg
firedancergirl,"#memesdaily #MemeSeason 
I‚Äôll take a pack of 20 and leave one in the fridge. ü§∑üèª‚Äç‚ôÄÔ∏èü§ò https://t.co/KcVZhRKmRQ",2008-09-26 03:46:03+00:00,"[{'text': 'memesdaily', 'indices': [0, 11]}, {'text': 'MemeSeason', 'indices': [12, 23]}]",http://pbs.twimg.com/media/FPn6SCNXoAU9_aQ.jpg
sw00p,"RT @firedancergirl: #memesdaily #MemeSeason 
I‚Äôll take a pack of 20 and leave one in the fridge. ü§∑üèª‚Äç‚ôÄÔ∏èü§ò https://t.co/KcVZhRKmRQ",2007-08-09 19:25:04+00:00,"[{'text': 'memesdaily', 'indices': [20, 31]}, {'text': 'MemeSeason', 'indices': [32, 43]}]",http://pbs.twimg.com/media/FPn6SCNXoAU9_aQ.jpg
patriciamUNITE,"RT @firedancergirl: #memesdaily #MemeSeason 
I‚Äôll take a pack of 20 and leave one in the fridge. ü§∑üèª‚Äç‚ôÄÔ∏èü§ò https://t.co/KcVZhRKmRQ",2020-03-19 18:17:25+00:00,"[{'text': 'memesdaily', 'indices': [20, 31]}, {'text': 'MemeSeason', 'indices': [32, 43]}]",http://pbs.twimg.com/media/FPn6SCNXoAU9_aQ.jpg
Nerdcopolis,"Es gracioso porque es cierto... üòÖ

#Memes #memesdaily #Divertido #Cine #Movies #Cars #Autos https://t.co/v80TaQLBBT",2019-09-03 14:55:31+00:00,"[{'text': 'Memes', 'indices': [35, 41]}, {'text': 'memesdaily', 'indices': [42, 53]}, {'text': 'Divertido', 'indices': [54, 64]}, {'text': 'Cine', 'indices': [65, 70]}, {'text': 'Movies', 'indices': [71, 78]}, {'text': 'Cars', 'indices': [79, 84]}, {'text': 'Autos', 'indices': [85, 91]}]",http://pbs.twimg.com/media/FPnJabtXsAEbZWb.jpg
memesbychroath,No backbone #dankmemes #memes #memesdaily https://t.co/PnLJYIB3eu https://t.co/BGmhciIAlp,2019-06-09 19:21:49+00:00,"[{'text': 'dankmemes', 'indices': [12, 22]}, {'text': 'memes', 'indices': [23, 29]}, {'text': 'memesdaily', 'indices': [30, 41]}]",http://pbs.twimg.com/media/FPn8UkTWQAcCOLe.jpg
daily_wholesome,"It will pass
#wholesomememes #memes #memesdaily #dankmemes https://t.co/mAXJ3cbBxt",2019-07-21 20:57:42+00:00,"[{'text': 'wholesomememes', 'indices': [13, 28]}, {'text': 'memes', 'indices': [29, 35]}, {'text': 'memesdaily', 'indices': [36, 47]}, {'text': 'dankmemes', 'indices': [48, 58]}]",http://pbs.twimg.com/media/FPn-i_tWQAAK4h7.jpg
AshOfCigarette,"RT @firedancergirl: #memesdaily #MemeSeason 
I‚Äôll take a pack of 20 and leave one in the fridge. ü§∑üèª‚Äç‚ôÄÔ∏èü§ò https://t.co/KcVZhRKmRQ",2022-03-13 14:35:22+00:00,"[{'text': 'memesdaily', 'indices': [20, 31]}, {'text': 'MemeSeason', 'indices': [32, 43]}]",http://pbs.twimg.com/media/FPn6SCNXoAU9_aQ.jpg
mem3foreveryone,#meme #memeforeveryone #memes #ilovememes #memesdaily ü§£ ü§£ ü§£ üòÇ https://t.co/CP2wzYlMLH,2019-09-19 07:07:22+00:00,"[{'text': 'meme', 'indices': [0, 5]}, {'text': 'memeforeveryone', 'indices': [6, 22]}, {'text': 'memes', 'indices': [23, 29]}, {'text': 'ilovememes', 'indices': [30, 41]}, {'text': 'memesdaily', 'indices': [42, 53]}]",http://pbs.twimg.com/media/FPoASOWXoAUEdS3.jpg
DankRedditBot,Not him white-mansplaining MLK to his own daughter‚Ä¶ ü§° #dankmemes #memes #memesdaily https://t.co/gu5uGAaWMS https://t.co/EVzM78IErF,2019-09-09 18:16:18+00:00,"[{'text': 'dankmemes', 'indices': [54, 64]}, {'text': 'memes', 'indices': [65, 71]}, {'text': 'memesdaily', 'indices': [72, 83]}]",http://pbs.twimg.com/media/FPoCcDcVUAEtlR0.jpg
blondiebounces,Yoooo üòÇüòÇ #memesdaily https://t.co/gb3VSshbtt,2020-04-16 07:35:01+00:00,"[{'text': 'memesdaily', 'indices': [9, 20]}]",http://pbs.twimg.com/media/FPoGTB6XEAIJv1_.jpg
emanuelekent,#memesdaily #Memes @katedelcastillo https://t.co/PFLHm1oWOo,2009-06-08 01:30:17+00:00,"[{'text': 'memesdaily', 'indices': [0, 11]}, {'text': 'Memes', 'indices': [12, 18]}]",http://pbs.twimg.com/media/FPoHdqkXIAkL6xk.jpg
kyliepeele0214,"RT @yasir_pace: ü•≤ü•≤ü•≤ THIS IS ME !!
#Memes #memesdaily https://t.co/KYz64IyxBT",2022-02-24 23:44:20+00:00,"[{'text': 'Memes', 'indices': [34, 40]}, {'text': 'memesdaily', 'indices': [41, 52]}]",http://pbs.twimg.com/media/FPngq2OWUAMtJV4.jpg
Ft7Nameless,"xD no se lo tomen personal es solo un meme :) 
#Memes #memesdaily #ROLA https://t.co/h8qwJtT4nD",2021-08-20 02:24:23+00:00,"[{'text': 'Memes', 'indices': [47, 53]}, {'text': 'memesdaily', 'indices': [54, 65]}, {'text': 'ROLA', 'indices': [66, 71]}]",http://pbs.twimg.com/media/FPoKmoEWUBAGz2Q.jpg
ClasicoYa,"Hablen con propiedad a sus amix!
#elyacl√°sico #memes #MemedelD√≠a #memesdaily #dankmemes https://t.co/uKaEVBpmD8",2020-02-04 00:07:18+00:00,"[{'text': 'elyacl√°sico', 'indices': [33, 45]}, {'text': 'memes', 'indices': [46, 52]}, {'text': 'MemedelD√≠a', 'indices': [53, 64]}, {'text': 'memesdaily', 'indices': [65, 76]}, {'text': 'dankmemes', 'indices': [77, 87]}]",http://pbs.twimg.com/media/FPoLCFVXsAc_qkW.jpg
ExcFunny,#pickyeater #teenagerhumor #funny #memes #memesdaily #dailymemes #exceptionablyfunny https://t.co/BU10hPo2Xb,2022-01-03 02:26:59+00:00,"[{'text': 'pickyeater', 'indices': [0, 11]}, {'text': 'teenagerhumor', 'indices': [12, 26]}, {'text': 'funny', 'indices': [27, 33]}, {'text': 'memes', 'indices': [34, 40]}, {'text': 'memesdaily', 'indices': [41, 52]}, {'text': 'dailymemes', 'indices': [53, 64]}, {'text': 'exceptionablyfunny', 'indices': [65, 84]}]",http://pbs.twimg.com/media/FPoLK-zXsAUbFYz.jpg
ClasicoYa,"Chismaaaa
#elyacl√°sico #memes #MemedelD√≠a #memesdaily #dankmemes https://t.co/Gvt2sVe3Od",2020-02-04 00:07:18+00:00,"[{'text': 'elyacl√°sico', 'indices': [10, 22]}, {'text': 'memes', 'indices': [23, 29]}, {'text': 'MemedelD√≠a', 'indices': [30, 41]}, {'text': 'memesdaily', 'indices': [42, 53]}, {'text': 'dankmemes', 'indices': [54, 64]}]",http://pbs.twimg.com/media/FPoLjTuXEAI_d9l.jpg
Crisflash04,"Cuando me preguntan lo m√°s b√°sico sobre mi carrera
Yo: 
#Memes #meme #memesdaily https://t.co/ijsawr3v4f",2022-03-29 20:09:39+00:00,"[{'text': 'Memes', 'indices': [56, 62]}, {'text': 'meme', 'indices': [63, 68]}, {'text': 'memesdaily', 'indices': [69, 80]}]",http://pbs.twimg.com/media/FPoOrYgXwAI0r_n.jpg
Barthol54677519,#Vergil #DMC #DevilMayCry #Memes #memesdaily https://t.co/wzXdMLyeRA,2021-10-04 10:10:21+00:00,"[{'text': 'Vergil', 'indices': [0, 7]}, {'text': 'DMC', 'indices': [8, 12]}, {'text': 'DevilMayCry', 'indices': [13, 25]}, {'text': 'Memes', 'indices': [26, 32]}, {'text': 'memesdaily', 'indices': [33, 44]}]",http://pbs.twimg.com/media/FPoOztbaIAM3STg.jpg
mem3foreveryone,#meme #memeforeveryone #memes #ilovememes #memesdaily ü§£ ü§£ ü§£ üòÇ https://t.co/yEjWSHIgrH,2019-09-19 07:07:22+00:00,"[{'text': 'meme', 'indices': [0, 5]}, {'text': 'memeforeveryone', 'indices': [6, 22]}, {'text': 'memes', 'indices': [23, 29]}, {'text': 'ilovememes', 'indices': [30, 41]}, {'text': 'memesdaily', 'indices': [42, 53]}]",http://pbs.twimg.com/media/FPoSejJWYAYbp1-.jpg
Mayrifer1986,"RT @ChullaPapa: Jajaja

#meme #memes #memes2022 #memesdaily #memesgraciosos #memesecuador #memesespa√±ol #memesquito https://t.co/XKSXPci8kB",2011-01-26 00:06:55+00:00,"[{'text': 'meme', 'indices': [24, 29]}, {'text': 'memes', 'indices': [30, 36]}, {'text': 'memes2022', 'indices': [37, 47]}, {'text': 'memesdaily', 'indices': [48, 59]}, {'text': 'memesgraciosos', 'indices': [60, 75]}, {'text': 'memesecuador', 'indices': [76, 89]}, {'text': 'memesespa√±ol', 'indices': [90, 103]}, {'text': 'memesquito', 'indices': [104, 115]}]",http://pbs.twimg.com/media/FPm3q-iXMAEFB1-.jpg
mem3foreveryone,#meme #memeforeveryone #memes #ilovememes #memesdaily ü§£ ü§£ ü§£ üòÇ https://t.co/F3TTM0rnr7,2019-09-19 07:07:22+00:00,"[{'text': 'meme', 'indices': [0, 5]}, {'text': 'memeforeveryone', 'indices': [6, 22]}, {'text': 'memes', 'indices': [23, 29]}, {'text': 'ilovememes', 'indices': [30, 41]}, {'text': 'memesdaily', 'indices': [42, 53]}]",http://pbs.twimg.com/media/FPoaL1kXMAQIUQv.jpg
Aman_0_0_0,"Shouldn't you buy this....?
#MEMES #memes #memesdaily https://t.co/OgCSY3N2EW",2021-10-30 11:10:23+00:00,"[{'text': 'MEMES', 'indices': [28, 34]}, {'text': 'memes', 'indices': [35, 41]}, {'text': 'memesdaily', 'indices': [42, 53]}]",http://pbs.twimg.com/media/FPoaobsVcAI4e7O.jpg
Aman_0_0_0,"Straight English....ü§£
#memesdaily #MEMES https://t.co/AUw60rsMLx",2021-10-30 11:10:23+00:00,"[{'text': 'memesdaily', 'indices': [22, 33]}, {'text': 'MEMES', 'indices': [34, 40]}]",http://pbs.twimg.com/media/FPoaytJUcAU6m-M.jpg
Aman_0_0_0,"Only in History class....
#MEMES #memes #memesdaily https://t.co/DCFWjV1E01",2021-10-30 11:10:23+00:00,"[{'text': 'MEMES', 'indices': [26, 32]}, {'text': 'memes', 'indices': [33, 39]}, {'text': 'memesdaily', 'indices': [40, 51]}]",http://pbs.twimg.com/media/FPoa8FDVsAczqpp.jpg
Aman_0_0_0,"Never judge any one...üòÇ
#MEMES #memesdaily https://t.co/sx8aW7uaJW",2021-10-30 11:10:23+00:00,"[{'text': 'MEMES', 'indices': [24, 30]}, {'text': 'memesdaily', 'indices': [31, 42]}]",http://pbs.twimg.com/media/FPobFXaUYAIlqje.jpg
Fqncy__,"RT @G07Swarnabh: Relatable?? üòÇ
Relatable?? üòÇüòÇ
#memesdaily 
#memesüòÇ 
#meme 
#memes https://t.co/6iM5NGk910",2021-09-03 21:44:01+00:00,"[{'text': 'memesdaily', 'indices': [46, 57]}, {'text': 'memes', 'indices': [59, 65]}, {'text': 'meme', 'indices': [68, 73]}, {'text': 'memes', 'indices': [75, 81]}]",http://pbs.twimg.com/media/FO_lCJkacAE2qsK.jpg
awwrosie_,"I've never seen this episode before how üôÇ
#MEMES #memesdaily #SpongeBob #squidward #SpongeBobSquarepants #cartoon https://t.co/92LGuVSTn0",2022-02-22 08:47:03+00:00,"[{'text': 'MEMES', 'indices': [42, 48]}, {'text': 'memesdaily', 'indices': [49, 60]}, {'text': 'SpongeBob', 'indices': [61, 71]}, {'text': 'squidward', 'indices': [72, 82]}, {'text': 'SpongeBobSquarepants', 'indices': [83, 104]}, {'text': 'cartoon', 'indices': [105, 113]}]",http://pbs.twimg.com/ext_tw_video_thumb/1511553450785779715/pu/img/IPBxYyMcygbG93t8.jpg
GerardIsaac3,"Classic Comedies ü§£ü§£ü§£üòÇüòÇ
#Memes #comdey #MemeContest #memesdaily #MemeSeason https://t.co/FL8Bgm79rP",2013-02-25 19:07:47+00:00,"[{'text': 'Memes', 'indices': [23, 29]}, {'text': 'comdey', 'indices': [30, 37]}, {'text': 'MemeContest', 'indices': [38, 50]}, {'text': 'memesdaily', 'indices': [51, 62]}, {'text': 'MemeSeason', 'indices': [63, 74]}]",http://pbs.twimg.com/ext_tw_video_thumb/1511558083046170624/pu/img/__eT7hR81VdLbSqX.jpg
ExcFunny,#burlesque #ratcity #funny #memes #memesdaily #dailymemes #exceptionablyfunny https://t.co/WL0LtfQhOE,2022-01-03 02:26:59+00:00,"[{'text': 'burlesque', 'indices': [0, 10]}, {'text': 'ratcity', 'indices': [11, 19]}, {'text': 'funny', 'indices': [20, 26]}, {'text': 'memes', 'indices': [27, 33]}, {'text': 'memesdaily', 'indices': [34, 45]}, {'text': 'dailymemes', 'indices': [46, 57]}, {'text': 'exceptionablyfunny', 'indices': [58, 77]}]",http://pbs.twimg.com/media/FPolhaNXoAI42jT.jpg
mem3foreveryone,#meme #memeforeveryone #memes #ilovememes #memesdaily ü§£ ü§£ ü§£ üòÇ https://t.co/OgtEhHGgnV,2019-09-19 07:07:22+00:00,"[{'text': 'meme', 'indices': [0, 5]}, {'text': 'memeforeveryone', 'indices': [6, 22]}, {'text': 'memes', 'indices': [23, 29]}, {'text': 'ilovememes', 'indices': [30, 41]}, {'text': 'memesdaily', 'indices': [42, 53]}]",http://pbs.twimg.com/media/FPol4KCXwAMXulv.jpg
DankRedditBot,"If he Watches it, that is #dankmemes #memes #memesdaily https://t.co/OF6EClLYEZ https://t.co/79pgE6c6jn",2019-09-09 18:16:18+00:00,"[{'text': 'dankmemes', 'indices': [26, 36]}, {'text': 'memes', 'indices': [37, 43]}, {'text': 'memesdaily', 'indices': [44, 55]}]",http://pbs.twimg.com/media/FPonH-SVQAQ3lxL.jpg
Thesleepyboiii,"Acche din aa geye hain kya?
#Memes #Politics #PetrolDieselPrice 
#memesdaily @narendramodi @himantabiswa https://t.co/cf77PZqGvp",2021-05-05 05:58:41+00:00,"[{'text': 'Memes', 'indices': [28, 34]}, {'text': 'Politics', 'indices': [35, 44]}, {'text': 'PetrolDieselPrice', 'indices': [45, 63]}, {'text': 'memesdaily', 'indices': [65, 76]}]",http://pbs.twimg.com/ext_tw_video_thumb/1511567360049971200/pu/img/d7P6SCk6c4k72fqg.jpg
miss_billigend,"RT @Daily_Memes__: Self defence

#memes #memesdaily #memes2021 #selfdefence #defence #funny #fail https://t.co/2WT0o3OUVm",2014-11-06 16:53:58+00:00,"[{'text': 'memes', 'indices': [33, 39]}, {'text': 'memesdaily', 'indices': [40, 51]}, {'text': 'memes2021', 'indices': [52, 62]}, {'text': 'selfdefence', 'indices': [63, 75]}, {'text': 'defence', 'indices': [76, 84]}, {'text': 'funny', 'indices': [85, 91]}, {'text': 'fail', 'indices': [92, 97]}]",http://pbs.twimg.com/ext_tw_video_thumb/1460382052524695563/pu/img/q0yaoeLKrsgCKv3Y.jpg
andreaguilar__,RT @DanielleNicki: Mental health check. Memes only. https://t.co/GOevY9G1Hg,2014-04-01 22:01:25+00:00,[],http://pbs.twimg.com/media/FPlD5EJXwAEHHUY.jpg
galvonator,RT @ErenRespecter: I like going through my old memes https://t.co/TPhcYhjwkv,2021-05-14 08:52:06+00:00,[],http://pbs.twimg.com/ext_tw_video_thumb/1511516177486516224/pu/img/cDZEOMErmbfDpAQ0.jpg
g1316820629,RT @mellomemos: It‚Äôs fun to draw over memes https://t.co/Kp9TsXIgca,2021-06-07 10:55:55+00:00,[],http://pbs.twimg.com/media/FPlhzMtXwAQNROI.jpg
deebeautiful_,https://t.co/vF63y6ZwUZ,2015-03-13 22:18:29+00:00,[],http://pbs.twimg.com/media/FPovYXHVUAAMIz0.jpg
JAGremlim,"@BrandonMcCamey
My style is that of the memes.
#art #goblin #Memes https://t.co/whfXAxRQLq",2022-04-04 12:54:10+00:00,"[{'text': 'art', 'indices': [47, 51]}, {'text': 'goblin', 'indices': [52, 59]}, {'text': 'Memes', 'indices': [60, 66]}]",http://pbs.twimg.com/media/FPovYAbVkAAtnK3.jpg
shamomiley,"RT @bunniejeallowzz: üå∏Dwaekki memesüå∏

#SKZOOfanart #StrayKids  #Ïä§Ìä∏Î†àÏù¥ÌÇ§Ï¶à  #skzoo  @Stray_Kids https://t.co/gwwZIB2DJI",2021-03-29 11:57:32+00:00,"[{'text': 'SKZOOfanart', 'indices': [38, 50]}, {'text': 'StrayKids', 'indices': [51, 61]}, {'text': 'Ïä§Ìä∏Î†àÏù¥ÌÇ§Ï¶à', 'indices': [63, 70]}, {'text': 'skzoo', 'indices': [72, 78]}]",http://pbs.twimg.com/media/FPoDhwtXoAI-gbH.jpg
ProductsArtemis,#art #nftart #NFTartist #nftmemes #Memes #memecoin #OpenSeaNFT #tezos https://t.co/qKkkCEd6fD,2022-02-12 08:52:57+00:00,"[{'text': 'art', 'indices': [0, 4]}, {'text': 'nftart', 'indices': [5, 12]}, {'text': 'NFTartist', 'indices': [13, 23]}, {'text': 'nftmemes', 'indices': [24, 33]}, {'text': 'Memes', 'indices': [34, 40]}, {'text': 'memecoin', 'indices': [41, 50]}, {'text': 'OpenSeaNFT', 'indices': [51, 62]}, {'text': 'tezos', 'indices': [63, 69]}]",http://pbs.twimg.com/media/FPovaBXWQAocot4.jpg
no1janembafan,RT @lesbiankatebush: https://t.co/Cngit3UOFq,2018-08-21 04:27:24+00:00,[],http://pbs.twimg.com/media/FPomUnPXMAUl4wc.jpg
_tgwtb_,https://t.co/Q12h2tIYDb,2019-06-06 18:12:33+00:00,[],http://pbs.twimg.com/media/FPovefFXIAE4vbW.jpg
PJ74296733,RT @NatashaxKaur: Oh shit I retweeted Trump memes let me clean up my profile with an old nude ü•¥üòÇüíú https://t.co/D3qralPyog,2018-12-04 12:42:42+00:00,[],http://pbs.twimg.com/media/FPokqSVVEAQGvvs.jpg
626Xperimento,RT @Frunobulax: No entiendo que no haya mil memes con esto https://t.co/qdH3lvuGyk,2021-09-01 16:58:26+00:00,[],http://pbs.twimg.com/media/FPlv2xWXoAAJxu3.jpg
nunariv,https://t.co/qshb5WXHg9,2018-10-20 00:54:32+00:00,[],http://pbs.twimg.com/media/FPovfpNVsAcHdWn.jpg
plooned,https://t.co/4EaHgLtFb9,2011-11-14 22:30:41+00:00,[],http://pbs.twimg.com/media/FPovhCqWUAcFOug.jpg
BethanCantrell,Mental health check. Memes only. https://t.co/S4BIvZdkNo,2009-09-08 02:19:08+00:00,[],http://pbs.twimg.com/tweet_video_thumb/FPovhHtVIAE0yap.jpg
TarnishedWit,https://t.co/XuV27JpM5k,2015-08-17 18:32:26+00:00,[],http://pbs.twimg.com/media/FPovhfrXwAAn6El.png
Swayom1,"RT @animemeyoutube: So close!

 https://t.co/s5MzUPBouf 
new video: ANIME MEMES ~ People who know https://t.co/PXVlrLzRwd",2020-06-03 13:42:39+00:00,[],http://pbs.twimg.com/media/FPc4-2zXIAQ5R2W.jpg
brisabustoss09,RT @_onerolita: cuando est√°s soltero y lo √∫nico divertido son los memes https://t.co/8oaszTRv3k,2021-04-06 22:53:21+00:00,[],http://pbs.twimg.com/media/FPlpkdTXIAwCSfp.jpg
lsanchezelizald,RT @NatashaxKaur: Oh shit I retweeted Trump memes let me clean up my profile with an old nude ü•¥üòÇüíú https://t.co/D3qralPyog,2011-05-06 00:01:45+00:00,[],http://pbs.twimg.com/media/FPokqSVVEAQGvvs.jpg
superduperambz,https://t.co/itUwqyn9kw,2012-08-04 18:10:15+00:00,[],http://pbs.twimg.com/tweet_video_thumb/FPovkDYXIAMcoz5.jpg
hwastaaaaaaar,"RT @bunniejeallowzz: üå∏Dwaekki memesüå∏

#SKZOOfanart #StrayKids  #Ïä§Ìä∏Î†àÏù¥ÌÇ§Ï¶à  #skzoo  @Stray_Kids https://t.co/gwwZIB2DJI",2021-04-12 13:46:43+00:00,"[{'text': 'SKZOOfanart', 'indices': [38, 50]}, {'text': 'StrayKids', 'indices': [51, 61]}, {'text': 'Ïä§Ìä∏Î†àÏù¥ÌÇ§Ï¶à', 'indices': [63, 70]}, {'text': 'skzoo', 'indices': [72, 78]}]",http://pbs.twimg.com/media/FPoDhwtXoAI-gbH.jpg
funny_quote_bot,#Memes #meme #satire #motivation #motivationalquote #inspiration #inspirationalquote https://t.co/29BqKqRe4c,2022-02-23 15:39:03+00:00,"[{'text': 'Memes', 'indices': [0, 6]}, {'text': 'meme', 'indices': [7, 12]}, {'text': 'satire', 'indices': [13, 20]}, {'text': 'motivation', 'indices': [21, 32]}, {'text': 'motivationalquote', 'indices': [33, 51]}, {'text': 'inspiration', 'indices': [52, 64]}, {'text': 'inspirationalquote', 'indices': [65, 84]}]",http://pbs.twimg.com/media/FPovmCFXwAMKCsd.jpg
TarnishedWit,"mental health check, memes only https://t.co/XtmkGnRZvC",2015-08-17 18:32:26+00:00,[],http://pbs.twimg.com/media/FPovqNxX0AYAqZ2.png
yui_tsai,"RT @VanillaCorgi: Don‚Äôt touching!! 
#Ori ü¶Ü #Ïò§Î¶¨ #Í∞ïÎã§ÎãàÏóò #vanillacorgiart https://t.co/FNuhE5Yurs",2011-03-27 18:42:41+00:00,"[{'text': 'Ori', 'indices': [36, 40]}, {'text': 'Ïò§Î¶¨', 'indices': [43, 46]}, {'text': 'Í∞ïÎã§ÎãàÏóò', 'indices': [47, 52]}, {'text': 'vanillacorgiart', 'indices': [53, 69]}]",http://pbs.twimg.com/media/FPBqeGYaAAMHPaT.jpg
Swayom1,"RT @animemeyoutube: Task failed successfully!

 https://t.co/s5MzUPBouf 
new video: ANIME MEMES ~ People who know https://t.co/JpNfvd9ZmF",2020-06-03 13:42:39+00:00,[],http://pbs.twimg.com/media/FPc-7uDXMAYZToO.jpg
lunaramistica,RT @NandaAlvarez6: #memes #universo https://t.co/8wGTOZLTK7,2009-11-03 01:11:03+00:00,"[{'text': 'memes', 'indices': [19, 25]}, {'text': 'universo', 'indices': [26, 35]}]",http://pbs.twimg.com/media/FPoP2a1XsAA9Nvs.jpg
AmeliaDuckling,"""fucking idiot""
#Memes #memesdaily #MemeSeason #memes2022 #MEMES https://t.co/ch2urgMAuF",2022-03-03 17:18:36+00:00,"[{'text': 'Memes', 'indices': [16, 22]}, {'text': 'memesdaily', 'indices': [23, 34]}, {'text': 'MemeSeason', 'indices': [35, 46]}, {'text': 'memes2022', 'indices': [47, 57]}, {'text': 'MEMES', 'indices': [58, 64]}]",http://pbs.twimg.com/media/FPovujkaIAEi5MO.jpg
mediotiempo,"¬°Volvi√≥ a pasar! Le llueven memes a Cruz Azul tras nueva derrota ante Pumas 

https://t.co/SbcX2yFvtf https://t.co/gzpbNxdlmR",2008-04-14 20:52:25+00:00,[],http://pbs.twimg.com/media/FPoubkBX0AAUmU2.jpg
nah1rkisel,RT @_onerolita: cuando est√°s soltero y lo √∫nico divertido son los memes https://t.co/8oaszTRv3k,2016-07-18 05:53:55+00:00,[],http://pbs.twimg.com/media/FPlpkdTXIAwCSfp.jpg
msxmonae,https://t.co/unBFx2kmeV,2014-01-14 18:05:57+00:00,[],http://pbs.twimg.com/tweet_video_thumb/FPov0B2WQAMNST-.jpg
nielnity,"RT @VanillaCorgi: Don‚Äôt touching!! 
#Ori ü¶Ü #Ïò§Î¶¨ #Í∞ïÎã§ÎãàÏóò #vanillacorgiart https://t.co/FNuhE5Yurs",2018-01-25 12:59:58+00:00,"[{'text': 'Ori', 'indices': [36, 40]}, {'text': 'Ïò§Î¶¨', 'indices': [43, 46]}, {'text': 'Í∞ïÎã§ÎãàÏóò', 'indices': [47, 52]}, {'text': 'vanillacorgiart', 'indices': [53, 69]}]",http://pbs.twimg.com/media/FPBqeGYaAAMHPaT.jpg
drekingstonnn,https://t.co/xmWvc7ZRVw,2014-08-20 14:30:33+00:00,[],http://pbs.twimg.com/media/FPov94PXsAII6x4.jpg
Jwebb13646891,RT @JDscramble425: MEMES AWAY!!!!üòÇüòÇüòÇ https://t.co/zF5uYAELCx,2022-01-24 17:25:09+00:00,[],http://pbs.twimg.com/media/FPlcnLKXoAgGkXD.png
batimanuel02,RT @_onerolita: cuando est√°s soltero y lo √∫nico divertido son los memes https://t.co/8oaszTRv3k,2016-05-23 22:49:49+00:00,[],http://pbs.twimg.com/media/FPlpkdTXIAwCSfp.jpg
III1919III,Norwaaay #antiwork #NotSafeToBeMe #inflationart #Memes https://t.co/iKi7NP5Fdk,2016-08-02 07:35:16+00:00,"[{'text': 'antiwork', 'indices': [9, 18]}, {'text': 'NotSafeToBeMe', 'indices': [19, 33]}, {'text': 'inflationart', 'indices': [34, 47]}, {'text': 'Memes', 'indices': [48, 54]}]",http://pbs.twimg.com/media/FPowE_pXwAQIffd.jpg
MonkeysxMoo35,This game loves prequel memes lol https://t.co/QcKmAKphEn,2014-01-19 07:24:18+00:00,[],http://pbs.twimg.com/ext_tw_video_thumb/1511573480524898309/pu/img/D4ApVCHRo8_vE5dx.jpg
larisaesviral,"Comparte, Dale Like y Siguenos #Humor #Chistes #Memes #Risas #Comedy #Comedia #Lima #Per√∫ #Castillo https://t.co/WPgGZG8svt",2017-06-24 22:51:34+00:00,"[{'text': 'Humor', 'indices': [31, 37]}, {'text': 'Chistes', 'indices': [38, 46]}, {'text': 'Memes', 'indices': [47, 53]}, {'text': 'Risas', 'indices': [54, 60]}, {'text': 'Comedy', 'indices': [61, 68]}, {'text': 'Comedia', 'indices': [69, 77]}, {'text': 'Lima', 'indices': [78, 83]}, {'text': 'Per√∫', 'indices': [84, 89]}, {'text': 'Castillo', 'indices': [90, 99]}]",http://pbs.twimg.com/media/FPowHCKXIAQpmvy.jpg
Snyder_Cut_240,RT @drewexmachina: @raveryn @Variety The memes write themselves https://t.co/AMeqGm0PTk,2019-12-06 10:06:08+00:00,[],http://pbs.twimg.com/media/FPnMvHsWUAAUNCI.jpg
CelestialLiving,His specialty https://t.co/qGQW0LFD4j,2019-11-27 06:07:19+00:00,[],http://pbs.twimg.com/tweet_video_thumb/FPowHBtaUAkizyF.jpg
ElJefeDSecurIT,"Mental health check

memes only https://t.co/iVnUiihToL",2014-02-20 22:30:19+00:00,[],http://pbs.twimg.com/tweet_video_thumb/FPowI7UUcAEM4J1.jpg
GustavoDeLuna29,"RT @alecmolon: Todos los d√≠as me llegan este tipo de memes, he de admitir que son to buenos. https://t.co/CK43oSt3ED",2020-04-12 17:35:28+00:00,[],http://pbs.twimg.com/media/FPkhqSiXsAIEtrN.jpg
CroweYo,Some late night @dudesypodshow memes. @WillSasso @chadkultgen https://t.co/bekERsQWWU,2009-06-20 14:32:03+00:00,[],http://pbs.twimg.com/media/FPowKcYXoAUeMqc.jpg
AngryGamer432,#Memes #Jackass https://t.co/uHUXUbCMxB,2012-08-11 17:11:35+00:00,"[{'text': 'Memes', 'indices': [0, 6]}, {'text': 'Jackass', 'indices': [7, 15]}]",http://pbs.twimg.com/tweet_video_thumb/FPowEWTXEAAZYNr.jpg
StarWarsTruth22,RT @SWCulture: The memes are strong with this one! #LEGOStarWarsGame https://t.co/nKIb2vyjZ1,2022-02-15 03:12:39+00:00,"[{'text': 'LEGOStarWarsGame', 'indices': [51, 68]}]",http://pbs.twimg.com/media/FPoZjEWXEAUWbJV.jpg
Cruelllla_,https://t.co/rAj7QH69rr,2013-10-06 23:36:49+00:00,[],http://pbs.twimg.com/media/FPowOA7VsAIzB8X.jpg
SenPai_Xb,"Feeling sed for sakura in this situationü•≤

#NARUTO #anime #Memes #Hentaicomic #106cm https://t.co/KzjYbeC3lI",2017-01-19 16:35:02+00:00,"[{'text': 'NARUTO', 'indices': [43, 50]}, {'text': 'anime', 'indices': [51, 57]}, {'text': 'Memes', 'indices': [58, 64]}, {'text': 'Hentaicomic', 'indices': [65, 77]}, {'text': '106cm', 'indices': [78, 84]}]",http://pbs.twimg.com/media/FPowP_ragAE1y6D.jpg
GethSgtAHarman,RT @topshotfund: electric TV!! bring on the memes. https://t.co/uFLPDiD1un,2021-12-22 03:30:11+00:00,[],http://pbs.twimg.com/media/FO575X9XsAwpr0I.jpg
Meme_Lord_Bot,"RT @SenPai_Xb: Feeling sed for sakura in this situationü•≤

#NARUTO #anime #Memes #Hentaicomic #106cm https://t.co/KzjYbeC3lI",2022-02-24 08:32:20+00:00,"[{'text': 'NARUTO', 'indices': [58, 65]}, {'text': 'anime', 'indices': [66, 72]}, {'text': 'Memes', 'indices': [73, 79]}, {'text': 'Hentaicomic', 'indices': [80, 92]}, {'text': '106cm', 'indices': [93, 99]}]",http://pbs.twimg.com/media/FPowP_ragAE1y6D.jpg
funny_quote_bot,#Memes #meme #satire #motivation #motivationalquote #inspiration #inspirationalquote https://t.co/O4ZP4HUcJF,2022-02-23 15:39:03+00:00,"[{'text': 'Memes', 'indices': [0, 6]}, {'text': 'meme', 'indices': [7, 12]}, {'text': 'satire', 'indices': [13, 20]}, {'text': 'motivation', 'indices': [21, 32]}, {'text': 'motivationalquote', 'indices': [33, 51]}, {'text': 'inspiration', 'indices': [52, 64]}, {'text': 'inspirationalquote', 'indices': [65, 84]}]",http://pbs.twimg.com/media/FPowSPvXsAcMHPY.jpg
r_memes_,this is america #memes https://t.co/5OTblZ8GPx https://t.co/0GUKvY3wzm,2019-02-11 17:29:17+00:00,"[{'text': 'memes', 'indices': [16, 22]}]",http://pbs.twimg.com/media/FPowVKvWYAAtyPq.jpg
XxVibewolf,"Remember,plushies can be scary too. üëÄ
#Oneshot #Memes https://t.co/BMhZfWMC2f",2021-12-24 13:26:33+00:00,"[{'text': 'Oneshot', 'indices': [38, 46]}, {'text': 'Memes', 'indices': [47, 53]}]",http://pbs.twimg.com/media/FPowVZcWQAIyBPt.jpg
JuliJota13,RT @_onerolita: cuando est√°s soltero y lo √∫nico divertido son los memes https://t.co/8oaszTRv3k,2013-08-09 13:10:24+00:00,[],http://pbs.twimg.com/media/FPlpkdTXIAwCSfp.jpg
mattly,"Mental health check, memes only https://t.co/WzwcNI0umK https://t.co/aMpORLJ4FH",2007-03-21 16:51:33+00:00,[],http://pbs.twimg.com/media/FPoweWgVEAgahNq.jpg
NzKitsune,RT @DogBlud: https://t.co/d8HI4j9uoj,2018-07-14 06:57:48+00:00,[],http://pbs.twimg.com/media/FPoPXDgXsAEm3sX.jpg
Getitinwright92,RT @JcloudAnimeTalk: These Will Smith memes are killing me üòÇüòÇ https://t.co/l2XfUaUDD1,2022-03-29 18:13:07+00:00,[],http://pbs.twimg.com/media/FO6ocwXVgAINL2e.jpg
rrcgchina,RT @_onerolita: cuando est√°s soltero y lo √∫nico divertido son los memes https://t.co/8oaszTRv3k,2015-11-13 16:29:30+00:00,[],http://pbs.twimg.com/media/FPlpkdTXIAwCSfp.jpg
nthatsthetruth,https://t.co/KjnI9FPR0Y,2010-06-23 04:18:15+00:00,[],http://pbs.twimg.com/media/FPowji_XwAIYOgy.jpg
__RealestNigga,https://t.co/BoJoN6fEox,2011-08-21 05:41:55+00:00,[],http://pbs.twimg.com/tweet_video_thumb/FPowkhVWYAEIDEV.jpg
Alwis_Harini,RT @Tikiri_: These memes are üî• https://t.co/g5ogxTqhV0,2016-05-15 15:16:37+00:00,[],http://pbs.twimg.com/media/FPoGMCJWUAI-yc2.jpg
Thomazovich,RT @_onerolita: cuando est√°s soltero y lo √∫nico divertido son los memes https://t.co/8oaszTRv3k,2015-12-22 14:05:55+00:00,[],http://pbs.twimg.com/media/FPlpkdTXIAwCSfp.jpg
00z1ks,"RT @bunniejeallowzz: üå∏Dwaekki memesüå∏

#SKZOOfanart #StrayKids  #Ïä§Ìä∏Î†àÏù¥ÌÇ§Ï¶à  #skzoo  @Stray_Kids https://t.co/gwwZIB2DJI",2021-04-22 03:18:08+00:00,"[{'text': 'SKZOOfanart', 'indices': [38, 50]}, {'text': 'StrayKids', 'indices': [51, 61]}, {'text': 'Ïä§Ìä∏Î†àÏù¥ÌÇ§Ï¶à', 'indices': [63, 70]}, {'text': 'skzoo', 'indices': [72, 78]}]",http://pbs.twimg.com/media/FPoDhwtXoAI-gbH.jpg
jinniehair,"RT @bunniejeallowzz: üå∏Dwaekki memesüå∏

#SKZOOfanart #StrayKids  #Ïä§Ìä∏Î†àÏù¥ÌÇ§Ï¶à  #skzoo  @Stray_Kids https://t.co/gwwZIB2DJI",2018-03-09 16:30:07+00:00,"[{'text': 'SKZOOfanart', 'indices': [38, 50]}, {'text': 'StrayKids', 'indices': [51, 61]}, {'text': 'Ïä§Ìä∏Î†àÏù¥ÌÇ§Ï¶à', 'indices': [63, 70]}, {'text': 'skzoo', 'indices': [72, 78]}]",http://pbs.twimg.com/media/FPoDhwtXoAI-gbH.jpg
Lemoniejunnie,"RT @rubyhamjin: ""don't forget y'all are idols"" cravity king of memes i believeüòÇüòÇ https://t.co/dVQ6ypxecP",2021-08-25 09:18:48+00:00,[],http://pbs.twimg.com/media/FPjZ33LaQAUU2H5.jpg
ulloque_ja,"Colecci√≥n de memes
#pensiones https://t.co/osT7qjeELD",2022-03-23 17:05:36+00:00,"[{'text': 'pensiones', 'indices': [19, 29]}]",http://pbs.twimg.com/media/FPowxY0WYAMmhoF.jpg
dark_Teauwu,"Fuc 
#BNHA #MHA #CatsOfTwitter #Memes #gatos https://t.co/IrIsvOzB6l",2021-09-03 19:39:48+00:00,"[{'text': 'BNHA', 'indices': [5, 10]}, {'text': 'MHA', 'indices': [11, 15]}, {'text': 'CatsOfTwitter', 'indices': [16, 30]}, {'text': 'Memes', 'indices': [31, 37]}, {'text': 'gatos', 'indices': [38, 44]}]",http://pbs.twimg.com/media/FPowx1oXMAA3KVl.jpg
karen_avalosss,RT @_onerolita: cuando est√°s soltero y lo √∫nico divertido son los memes https://t.co/8oaszTRv3k,2018-12-10 05:09:06+00:00,[],http://pbs.twimg.com/media/FPlpkdTXIAwCSfp.jpg
ijayt205,RT @drekingstonnn: https://t.co/xmWvc7ZRVw,2009-07-22 18:10:33+00:00,[],http://pbs.twimg.com/media/FPov94PXsAII6x4.jpg
CamiPalomequeOK,RT @_onerolita: cuando est√°s soltero y lo √∫nico divertido son los memes https://t.co/8oaszTRv3k,2013-07-07 03:20:03+00:00,[],http://pbs.twimg.com/media/FPlpkdTXIAwCSfp.jpg
pirinolocho,"RT @pirinolocho: Hoy en memes feos les traigo La Felicidad UwU
#Vtuber #VtuberES https://t.co/6DiYiYdL8R",2020-10-26 00:20:42+00:00,"[{'text': 'Vtuber', 'indices': [63, 70]}, {'text': 'VtuberES', 'indices': [71, 80]}]",http://pbs.twimg.com/media/FKdUU_mWUAIh9l7.jpg
house_of_darkly,Mental health check. Memes only. https://t.co/KfWQER6yHO,2009-09-03 03:26:47+00:00,[],http://pbs.twimg.com/media/FPow47nWQAIkRef.jpg
ijayt205,https://t.co/3zynoBDTp5,2009-07-22 18:10:33+00:00,[],http://pbs.twimg.com/media/FPow6YJWQAMNbpe.jpg
JinuJK6,RT @drewexmachina: @raveryn @Variety The memes write themselves https://t.co/AMeqGm0PTk,2021-01-20 02:23:42+00:00,[],http://pbs.twimg.com/media/FPnMvHsWUAAUNCI.jpg
MrM64767828,RT @NatashaxKaur: Oh shit I retweeted Trump memes let me clean up my profile with an old nude ü•¥üòÇüíú https://t.co/D3qralPyog,2020-07-17 10:16:44+00:00,[],http://pbs.twimg.com/media/FPokqSVVEAQGvvs.jpg
AxolotlGodGames,RT @TheAnything_Bot: The Person in your PFP plans to end Animation Memes! https://t.co/XgW5IMcSqA,2020-12-22 21:59:46+00:00,[],http://pbs.twimg.com/media/FPmIFW4VIAMESje.png
funny_quote_bot,#Memes #meme #satire #motivation #motivationalquote #inspiration #inspirationalquote https://t.co/b0poZPBA76,2022-02-23 15:39:03+00:00,"[{'text': 'Memes', 'indices': [0, 6]}, {'text': 'meme', 'indices': [7, 12]}, {'text': 'satire', 'indices': [13, 20]}, {'text': 'motivation', 'indices': [21, 32]}, {'text': 'motivationalquote', 'indices': [33, 51]}, {'text': 'inspiration', 'indices': [52, 64]}, {'text': 'inspirationalquote', 'indices': [65, 84]}]",http://pbs.twimg.com/media/FPow-iQXsAckHYU.jpg
GasperOstir,"Another Fortnite call? What is this time? ü§î
#Fortnite 
#fortnitememes 
#Memes https://t.co/ZkqFj1exI0",2015-01-19 17:07:44+00:00,"[{'text': 'Fortnite', 'indices': [44, 53]}, {'text': 'fortnitememes', 'indices': [55, 69]}, {'text': 'Memes', 'indices': [71, 77]}]",http://pbs.twimg.com/ext_tw_video_thumb/1511574459072892932/pu/img/7ua4gZ3rIhdikaTc.jpg
Sashikanthredy,RT @mem3foreveryone: #meme #memeforeveryone #memes #ilovememes #memesdaily ü§£ ü§£ ü§£ üòÇ https://t.co/kvXGa16Pd8,2022-01-13 08:04:16+00:00,"[{'text': 'meme', 'indices': [21, 26]}, {'text': 'memeforeveryone', 'indices': [27, 43]}, {'text': 'memes', 'indices': [44, 50]}, {'text': 'ilovememes', 'indices': [51, 62]}, {'text': 'memesdaily', 'indices': [63, 74]}]",http://pbs.twimg.com/media/FPmDF5FWYAYdO4g.jpg
SrslyJosh,"Mental health check, memes only. https://t.co/BoLMesGMBB https://t.co/BW5kYCN1p4",2010-09-30 03:43:01+00:00,[],http://pbs.twimg.com/media/FPoxAG7VUAQXoFy.jpg
anomicalex,when you like my memes but ignore my cry for help monologues https://t.co/vzSLd8Z5gv,2021-03-02 21:11:19+00:00,[],http://pbs.twimg.com/media/FPoxDX1WQAo73mt.jpg
_ShutupCole,https://t.co/OFQJQ5UfJI,2018-06-03 03:30:13+00:00,[],http://pbs.twimg.com/media/FPoxGT6VcAIIY2d.jpg
FluffySoftKitty,"me when
#Memes #Random https://t.co/c989fKtPgt",2022-02-24 18:33:34+00:00,"[{'text': 'Memes', 'indices': [8, 14]}, {'text': 'Random', 'indices': [15, 22]}]",http://pbs.twimg.com/ext_tw_video_thumb/1511574477737500676/pu/img/MQ_2LYtA6dJRwfx0.jpg
BubbleBoi123,RT @kanyeyo_: Corny memes &gt; https://t.co/y7YpkNJrLy,2010-12-09 19:58:59+00:00,[],http://pbs.twimg.com/media/FPMK_QtVQAEePBI.jpg
AmeliaDuckling,"""Why you asking bro?""
#Memes #memesdaily #MemeSeason #memes2022 #MEMES https://t.co/ehzqvkTK1K",2022-03-03 17:18:36+00:00,"[{'text': 'Memes', 'indices': [22, 28]}, {'text': 'memesdaily', 'indices': [29, 40]}, {'text': 'MemeSeason', 'indices': [41, 52]}, {'text': 'memes2022', 'indices': [53, 63]}, {'text': 'MEMES', 'indices': [64, 70]}]",http://pbs.twimg.com/media/FPoxMNxaUAMhxuz.jpg
oliviarodrigh0e,tonight in memes &lt;3 https://t.co/uYLoVkAO0f,2021-05-26 17:31:00+00:00,[],http://pbs.twimg.com/media/FPoxRowWYAMhSH1.jpg
FoTails,Tails gives his opinion about you #Sonic #Memes #Tails https://t.co/dnXxwyinRD,2020-02-06 03:49:17+00:00,"[{'text': 'Sonic', 'indices': [34, 40]}, {'text': 'Memes', 'indices': [41, 47]}, {'text': 'Tails', 'indices': [48, 54]}]",http://pbs.twimg.com/ext_tw_video_thumb/1511574783557005312/pu/img/PF-g0bWK6JcpBLGN.jpg
III1919III,Onlyfans...Moms... #onlyfansgirl #onlyflans #Pokemon #shrek #Memes #schoolthots https://t.co/QzwKQeIIrx,2016-08-02 07:35:16+00:00,"[{'text': 'onlyfansgirl', 'indices': [19, 32]}, {'text': 'onlyflans', 'indices': [33, 43]}, {'text': 'Pokemon', 'indices': [44, 52]}, {'text': 'shrek', 'indices': [53, 59]}, {'text': 'Memes', 'indices': [60, 66]}, {'text': 'schoolthots', 'indices': [67, 79]}]",http://pbs.twimg.com/media/FPoxBDuXoAcuXxi.jpg
darlingaurora_h,https://t.co/IdPtnkbafC,2010-01-08 23:53:37+00:00,[],http://pbs.twimg.com/tweet_video_thumb/FPoxT_dWUAMfBcU.jpg
_RoyalHighness,https://t.co/6qoA3EDW9u,2009-06-26 22:40:50+00:00,[],http://pbs.twimg.com/tweet_video_thumb/FPoxUNMXoAI-m-w.jpg
namufiIms,https://t.co/q6CkRlnlZk,2021-06-24 09:11:14+00:00,[],http://pbs.twimg.com/media/FPoxUggUYActvf0.jpg
HBIC_STARWARS,RT @MoonKnightcore1: From These Memes Are Canon on Facebook https://t.co/tkAoI8xpSq,2018-04-28 07:49:15+00:00,[],http://pbs.twimg.com/media/FPlgWY1XwAwdQ-C.jpg
RatFromTheVoid,Anyway *flashbangs you* https://t.co/7oUoe252lO,2021-09-13 22:55:49+00:00,[],http://pbs.twimg.com/media/FPoxJDtX0AMQnXZ.jpg
MisaelMontiel16,RT @_onerolita: cuando est√°s soltero y lo √∫nico divertido son los memes https://t.co/8oaszTRv3k,2020-12-22 00:36:15+00:00,[],http://pbs.twimg.com/media/FPlpkdTXIAwCSfp.jpg
AngelCubaXCuba,"RT @RcgThiago: ""Has memes de la novela"" ...dec√≠an
Pues #VamosConTodo https://t.co/LrLqVASlzZ",2020-03-20 21:44:43+00:00,"[{'text': 'VamosConTodo', 'indices': [55, 68]}]",http://pbs.twimg.com/media/FPn7NpKXMAUA6W2.jpg
Katwasbored,RT @RatFromTheVoid: Anyway *flashbangs you* https://t.co/7oUoe252lO,2019-02-25 03:26:51+00:00,[],http://pbs.twimg.com/media/FPoxJDtX0AMQnXZ.jpg
rosilaurin,RT @Maxdank10: Subo memes todos los d√≠as! Si te gusta s√≠gueme ü§ùüí∏üóøüß† https://t.co/eA7As2lmev,2021-07-14 07:16:53+00:00,[],http://pbs.twimg.com/media/FPmDZkRWQAUmOQt.jpg
AcTity,RT @_onerolita: cuando est√°s soltero y lo √∫nico divertido son los memes https://t.co/8oaszTRv3k,2014-07-06 07:09:47+00:00,[],http://pbs.twimg.com/media/FPlpkdTXIAwCSfp.jpg
cardozonicole1,RT @_onerolita: cuando est√°s soltero y lo √∫nico divertido son los memes https://t.co/8oaszTRv3k,2011-06-26 02:51:04+00:00,[],http://pbs.twimg.com/media/FPlpkdTXIAwCSfp.jpg
lynpiee,https://t.co/vtXVGICVu4,2018-03-05 01:48:01+00:00,[],http://pbs.twimg.com/media/FPoxhkpXEAEQ7mz.jpg
PositiveThug,https://t.co/twLGRzENzF,2012-01-20 19:26:43+00:00,[],http://pbs.twimg.com/media/FPoxiBzX0AQSUuP.jpg
annekem,"Mental health check, memes only. https://t.co/J0rEK9wvo3",2009-01-31 18:00:39+00:00,[],http://pbs.twimg.com/media/FPoxjXYVgAA2dMS.jpg
Messi_Cule1899,#Messi's Alien Mode  #Memes üòÜ https://t.co/Uv9FtPLhkc,2021-09-06 14:50:15+00:00,"[{'text': 'Messi', 'indices': [0, 6]}, {'text': 'Memes', 'indices': [21, 27]}]",http://pbs.twimg.com/ext_tw_video_thumb/1511575037312004096/pu/img/s8oNFZH2Yj_WpVBY.jpg
BitchSalted,"RT @piyori_ww: Wisp Venti as Animal Memes
day 1: 'Final moments'

#ÂéüÁ•û #„Ç¶„Çß„É≥„ÉÜ„Ç£ #Venti #GenshinImpact https://t.co/swiAfr3V1t",2020-06-03 14:13:42+00:00,"[{'text': 'ÂéüÁ•û', 'indices': [66, 69]}, {'text': '„Ç¶„Çß„É≥„ÉÜ„Ç£', 'indices': [70, 76]}, {'text': 'Venti', 'indices': [77, 83]}, {'text': 'GenshinImpact', 'indices': [84, 98]}]",http://pbs.twimg.com/media/FPk5EdAWUAYE_PL.jpg
shreklomagrande,"RT @LucasYaBasta: ¬øEl meme de los memes?
El meme de los memes https://t.co/MPBccq8RHr",2020-04-19 20:20:26+00:00,[],http://pbs.twimg.com/media/FPog-JYWYAQPib6.jpg
a_the_tea,"Nobody
Me in my room after plugging in earphones.
#Memes #fun #Songs #music https://t.co/jq91tvFZKn",2020-03-27 17:48:17+00:00,"[{'text': 'Memes', 'indices': [50, 56]}, {'text': 'fun', 'indices': [57, 61]}, {'text': 'Songs', 'indices': [62, 68]}, {'text': 'music', 'indices': [69, 75]}]",http://pbs.twimg.com/tweet_video_thumb/FPoxopJVIAEUpL-.jpg
UniqueChanell,Basically https://t.co/PNT95MoDYe,2009-09-16 21:39:54+00:00,[],http://pbs.twimg.com/tweet_video_thumb/FPoxpwWXsAIo1kl.jpg
funny_quote_bot,#Memes #meme #satire #motivation #motivationalquote #inspiration #inspirationalquote https://t.co/RuEUuGEdT7,2022-02-23 15:39:03+00:00,"[{'text': 'Memes', 'indices': [0, 6]}, {'text': 'meme', 'indices': [7, 12]}, {'text': 'satire', 'indices': [13, 20]}, {'text': 'motivation', 'indices': [21, 32]}, {'text': 'motivationalquote', 'indices': [33, 51]}, {'text': 'inspiration', 'indices': [52, 64]}, {'text': 'inspirationalquote', 'indices': [65, 84]}]",http://pbs.twimg.com/media/FPoxqyzWYAISZEf.jpg
ValenEscudero_,RT @_onerolita: cuando est√°s soltero y lo √∫nico divertido son los memes https://t.co/8oaszTRv3k,2018-08-05 02:53:07+00:00,[],http://pbs.twimg.com/media/FPlpkdTXIAwCSfp.jpg
iliasunnie,"RT @bunniejeallowzz: üå∏Dwaekki memesüå∏

#SKZOOfanart #StrayKids  #Ïä§Ìä∏Î†àÏù¥ÌÇ§Ï¶à  #skzoo  @Stray_Kids https://t.co/gwwZIB2DJI",2020-12-23 07:49:34+00:00,"[{'text': 'SKZOOfanart', 'indices': [38, 50]}, {'text': 'StrayKids', 'indices': [51, 61]}, {'text': 'Ïä§Ìä∏Î†àÏù¥ÌÇ§Ï¶à', 'indices': [63, 70]}, {'text': 'skzoo', 'indices': [72, 78]}]",http://pbs.twimg.com/media/FPoDhwtXoAI-gbH.jpg
Jazlamarque,RT @_onerolita: cuando est√°s soltero y lo √∫nico divertido son los memes https://t.co/8oaszTRv3k,2012-04-07 18:21:05+00:00,[],http://pbs.twimg.com/media/FPlpkdTXIAwCSfp.jpg
animemeyoutube,"it_s true

https://t.co/Rvdhtf4PzJ 
ANIME MEMES ~ But mom, yuri gonna mek mi kri https://t.co/gAEE3fL9Ps",2019-09-29 15:42:53+00:00,[],http://pbs.twimg.com/media/FPoxrR0XIAIB8e5.png
RocketHarper34,RT @NatashaxKaur: Oh shit I retweeted Trump memes let me clean up my profile with an old nude ü•¥üòÇüíú https://t.co/D3qralPyog,2013-02-13 03:39:35+00:00,[],http://pbs.twimg.com/media/FPokqSVVEAQGvvs.jpg
Emma_nuel115,"RT @pirinolocho: Hoy en memes feos les traigo La Felicidad UwU
#Vtuber #VtuberES https://t.co/6DiYiYdL8R",2020-09-22 19:26:42+00:00,"[{'text': 'Vtuber', 'indices': [63, 70]}, {'text': 'VtuberES', 'indices': [71, 80]}]",http://pbs.twimg.com/media/FKdUU_mWUAIh9l7.jpg
nekobogelnft,"I was created 7 memes for @JukiverseNFT meme-contest, but this one is my favorite so far üòÖ @FazaMeonk https://t.co/4VsJ4mXIxM",2021-07-17 13:19:55+00:00,[],http://pbs.twimg.com/media/FPox1VuVIAU-Skn.jpg
jeremias_nota,RT @_onerolita: cuando est√°s soltero y lo √∫nico divertido son los memes https://t.co/8oaszTRv3k,2013-12-12 03:36:11+00:00,[],http://pbs.twimg.com/media/FPlpkdTXIAwCSfp.jpg
lynpiee,https://t.co/5rXWTUAV3Z,2018-03-05 01:48:01+00:00,[],http://pbs.twimg.com/media/FPox3uNX0AErQg4.jpg
LostAurality,RT @Parmetan: Arcane text memes https://t.co/GChc9kOrR2,2017-04-07 03:24:44+00:00,[],http://pbs.twimg.com/media/FPkWq4QWUAMXFc7.jpg
bbi__mooda,"RT @bunniejeallowzz: üå∏Dwaekki memesüå∏

#SKZOOfanart #StrayKids  #Ïä§Ìä∏Î†àÏù¥ÌÇ§Ï¶à  #skzoo  @Stray_Kids https://t.co/gwwZIB2DJI",2018-09-08 12:04:12+00:00,"[{'text': 'SKZOOfanart', 'indices': [38, 50]}, {'text': 'StrayKids', 'indices': [51, 61]}, {'text': 'Ïä§Ìä∏Î†àÏù¥ÌÇ§Ï¶à', 'indices': [63, 70]}, {'text': 'skzoo', 'indices': [72, 78]}]",http://pbs.twimg.com/media/FPoDhwtXoAI-gbH.jpg
WINDBRNEBARDBF,"RT @piyori_ww: Wisp Venti as Animal Memes
day 1: 'Final moments'

#ÂéüÁ•û #„Ç¶„Çß„É≥„ÉÜ„Ç£ #Venti #GenshinImpact https://t.co/swiAfr3V1t",2021-10-11 09:20:18+00:00,"[{'text': 'ÂéüÁ•û', 'indices': [66, 69]}, {'text': '„Ç¶„Çß„É≥„ÉÜ„Ç£', 'indices': [70, 76]}, {'text': 'Venti', 'indices': [77, 83]}, {'text': 'GenshinImpact', 'indices': [84, 98]}]",http://pbs.twimg.com/media/FPk5EdAWUAYE_PL.jpg
mem3foreveryone,#meme #memeforeveryone #memes #ilovememes #memesdaily ü§£ ü§£ ü§£ üòÇ https://t.co/cPVyOJ5Vn2,2019-09-19 07:07:22+00:00,"[{'text': 'meme', 'indices': [0, 5]}, {'text': 'memeforeveryone', 'indices': [6, 22]}, {'text': 'memes', 'indices': [23, 29]}, {'text': 'ilovememes', 'indices': [30, 41]}, {'text': 'memesdaily', 'indices': [42, 53]}]",http://pbs.twimg.com/media/FPox87WXoAot9Yx.jpg
ReneeLomen,RT @DanielleNicki: Mental health check. Memes only. https://t.co/GOevY9G1Hg,2013-05-19 01:19:30+00:00,[],http://pbs.twimg.com/media/FPlD5EJXwAEHHUY.jpg
YoungBriselda,https://t.co/2UJRf90w8c,2021-09-03 18:39:17+00:00,[],http://pbs.twimg.com/media/FPoyE0WXMAYeQQL.jpg
tokyahontas,RT @princessauddi: https://t.co/9j0UIgdUKo,2012-11-22 18:52:02+00:00,[],http://pbs.twimg.com/media/FPojtmsXoAIKeNR.jpg
magpiegram,Mental health check. Memes only. https://t.co/1wjY0Z0gNp,2009-08-13 02:13:42+00:00,[],http://pbs.twimg.com/media/FPoyKUaUYAYt5eZ.jpg
garbage_hime,Mental health check. Memes only. https://t.co/g8FmWV8Wxa,2009-04-23 11:40:20+00:00,[],http://pbs.twimg.com/media/FPoyLpzXIAk-3PY.jpg
MissCrumpette,Mental health check. Memes only. https://t.co/FF038Mierq,2009-11-15 15:21:02+00:00,[],http://pbs.twimg.com/media/FPoyMcUVcAIcP_P.jpg
ComedyCini,üò≠ü§£ #TamilMemes #Memes #TamilComedy #Comedy #Sleep #sleeping #MyBrain #Brain #Eye #Eyes #CiniMiniComedy https://t.co/mEpZvlKiLD,2020-01-14 10:30:26+00:00,"[{'text': 'TamilMemes', 'indices': [3, 14]}, {'text': 'Memes', 'indices': [15, 21]}, {'text': 'TamilComedy', 'indices': [22, 34]}, {'text': 'Comedy', 'indices': [35, 42]}, {'text': 'Sleep', 'indices': [43, 49]}, {'text': 'sleeping', 'indices': [50, 59]}, {'text': 'MyBrain', 'indices': [60, 68]}, {'text': 'Brain', 'indices': [69, 75]}, {'text': 'Eye', 'indices': [76, 80]}, {'text': 'Eyes', 'indices': [81, 86]}, {'text': 'CiniMiniComedy', 'indices': [87, 102]}]",http://pbs.twimg.com/media/FPoxt7JVcAM5w8e.jpg
im25akhil,RT @drewexmachina: @raveryn @Variety The memes write themselves https://t.co/AMeqGm0PTk,2022-02-22 15:13:12+00:00,[],http://pbs.twimg.com/media/FPnMvHsWUAAUNCI.jpg
Eliasocampo01,RT @_onerolita: cuando est√°s soltero y lo √∫nico divertido son los memes https://t.co/8oaszTRv3k,2018-12-14 05:19:15+00:00,[],http://pbs.twimg.com/media/FPlpkdTXIAwCSfp.jpg
PiriVt,"RT @pirinolocho: Hoy en memes feos les traigo La Felicidad UwU
#Vtuber #VtuberES https://t.co/6DiYiYdL8R",2022-03-14 05:10:00+00:00,"[{'text': 'Vtuber', 'indices': [63, 70]}, {'text': 'VtuberES', 'indices': [71, 80]}]",http://pbs.twimg.com/media/FKdUU_mWUAIh9l7.jpg
ailenn_rodri,RT @_onerolita: cuando est√°s soltero y lo √∫nico divertido son los memes https://t.co/8oaszTRv3k,2010-07-31 01:19:06+00:00,[],http://pbs.twimg.com/media/FPlpkdTXIAwCSfp.jpg
funny_quote_bot,#Memes #meme #satire #motivation #motivationalquote #inspiration #inspirationalquote https://t.co/8DQFu5289s,2022-02-23 15:39:03+00:00,"[{'text': 'Memes', 'indices': [0, 6]}, {'text': 'meme', 'indices': [7, 12]}, {'text': 'satire', 'indices': [13, 20]}, {'text': 'motivation', 'indices': [21, 32]}, {'text': 'motivationalquote', 'indices': [33, 51]}, {'text': 'inspiration', 'indices': [52, 64]}, {'text': 'inspirationalquote', 'indices': [65, 84]}]",http://pbs.twimg.com/media/FPoyXAaWUA4yCTj.jpg
OnlineDisini,"RT @SanjaAhayyy: @MattWallace888 @jack #BuffDogeCoin THE KING OF MEMESüî•üî•
#buffdogecoinarmy THE STRONG COMUNITYüí™üî• https://t.co/zGD08HKUTb",2017-09-01 11:19:49+00:00,"[{'text': 'BuffDogeCoin', 'indices': [39, 52]}, {'text': 'buffdogecoinarmy', 'indices': [73, 90]}]",http://pbs.twimg.com/media/FPl6EdJaIAYa1bz.jpg
_Tarrraaa,RT @msarimakhtar: I got featured in Hong Kong üá≠üá∞ museum of memes üéâ  yohooo ü§©üòç https://t.co/uQ8GL0s7l7,2016-08-13 16:28:10+00:00,[],http://pbs.twimg.com/media/E7ppvogWEAcI3DY.jpg
acaciagering,https://t.co/fVYi0y3BN8,2014-07-19 01:00:17+00:00,[],http://pbs.twimg.com/media/FPoya5iWYAIiNTg.jpg
SynfulKynks,RT @invaderti_: https://t.co/VuV8IyAdCj,2020-05-05 04:33:49+00:00,[],http://pbs.twimg.com/media/FPnyxuNX0AM_zCb.jpg
TW1NKSEOK,https://t.co/KSEvGvsoO2,2021-01-04 21:00:05+00:00,[],http://pbs.twimg.com/media/FPoybW0VIAMVfdG.jpg
bIueokside,https://t.co/p3ekJ1rPtX,2021-12-10 11:54:23+00:00,[],http://pbs.twimg.com/media/FPoybn0VsAAwk4g.jpg
kf,https://t.co/E8TV9uw1Ni,2007-07-01 00:14:33+00:00,[],http://pbs.twimg.com/media/FPoycQlVQAQFTEJ.jpg
CancukNaturist,Truth. #skinnydip #Naturism #Nudism #Memes https://t.co/Ck2UpN6tbZ,2018-05-19 17:49:54+00:00,"[{'text': 'skinnydip', 'indices': [7, 17]}, {'text': 'Naturism', 'indices': [18, 27]}, {'text': 'Nudism', 'indices': [28, 35]}, {'text': 'Memes', 'indices': [36, 42]}]",http://pbs.twimg.com/media/FPoyToJVgAIaa9X.png
xiaotingworld,RT @_stankep1er_: the xiaoting memes we got in one episodeüòç https://t.co/YyXyBmiJjQ,2021-10-29 09:37:45+00:00,[],http://pbs.twimg.com/media/FPjXNJhacAAp7ff.jpg
maca_centu,RT @_onerolita: cuando est√°s soltero y lo √∫nico divertido son los memes https://t.co/8oaszTRv3k,2017-01-24 02:14:19+00:00,[],http://pbs.twimg.com/media/FPlpkdTXIAwCSfp.jpg
secret_scale,RT @funny_quote_bot: #Memes #meme #satire #motivation #motivationalquote #inspiration #inspirationalquote https://t.co/8DQFu5289s,2022-01-05 13:21:42+00:00,"[{'text': 'Memes', 'indices': [21, 27]}, {'text': 'meme', 'indices': [28, 33]}, {'text': 'satire', 'indices': [34, 41]}, {'text': 'motivation', 'indices': [42, 53]}, {'text': 'motivationalquote', 'indices': [54, 72]}, {'text': 'inspiration', 'indices': [73, 85]}, {'text': 'inspirationalquote', 'indices': [86, 105]}]",http://pbs.twimg.com/media/FPoyXAaWUA4yCTj.jpg
mataonline,"https://t.co/AYFXy5pjWJ
‡§ö‡§π‡§≤‡§®‡•á Ron out ‡§ï‡§∞‡§§‡§æ‡§ö ‡§µ‡§ø‡§∞‡§æ‡§ü ‡§ö‡§æ‡§π‡§§‡•ç‡§Ø‡§æ‡§Ç‡§®‡§æ ‡§ß‡§ï‡•ç‡§ï‡§æ, ‡§™‡§æ‡§π‡§æ funny memes
#IPL2022 #RCBvsRR #Viral https://t.co/dJobdBRsB1",2010-07-28 11:52:01+00:00,"[{'text': 'IPL2022', 'indices': [85, 93]}, {'text': 'RCBvsRR', 'indices': [94, 102]}, {'text': 'Viral', 'indices': [103, 109]}]",http://pbs.twimg.com/media/FPoyZJsaAAMf6km.jpg
meowrayzzz,Mental Hellth Check. Memes Only. https://t.co/KPbvuPW6Lk,2020-10-19 20:20:23+00:00,[],http://pbs.twimg.com/media/FPoyq8-VEAIephc.jpg
ktniles61,RT @JDscramble425: MEMES AWAY!!!!üòÇüòÇüòÇ https://t.co/zF5uYAELCx,2022-04-04 21:27:13+00:00,[],http://pbs.twimg.com/media/FPlcnLKXoAgGkXD.png
Lennkaiii,RT @bolutalia: Genshin as memes argentinos pt.2 #ÂéüÁ•û #genshin #memes #itto #jean #klee https://t.co/7hMFLO7CXK,2018-09-02 15:54:46+00:00,"[{'text': 'ÂéüÁ•û', 'indices': [48, 51]}, {'text': 'genshin', 'indices': [52, 60]}, {'text': 'memes', 'indices': [61, 67]}, {'text': 'itto', 'indices': [68, 73]}, {'text': 'jean', 'indices': [74, 79]}, {'text': 'klee', 'indices': [80, 85]}]",http://pbs.twimg.com/media/FPni4r9WUAAc9Ac.jpg
nyamgikook,https://t.co/Ta6wwQAFwg,2017-01-20 13:56:14+00:00,[],http://pbs.twimg.com/media/FPoywxQaIAU8qAU.jpg
emptycalm,will smith and chris rock memes are going to far https://t.co/ovL49xc0pX,2019-02-01 21:12:24+00:00,[],http://pbs.twimg.com/ext_tw_video_thumb/1511576419272429569/pu/img/E9SjrtKKhbGs4TQI.jpg
RosalesCali,RT @_onerolita: cuando est√°s soltero y lo √∫nico divertido son los memes https://t.co/8oaszTRv3k,2014-05-26 18:50:41+00:00,[],http://pbs.twimg.com/media/FPlpkdTXIAwCSfp.jpg
mickified,"Mental health check, memes only. https://t.co/JeQiYkZ2qv",2011-09-26 06:05:47+00:00,[],http://pbs.twimg.com/media/FPoy0CuUcAAb0jv.jpg
GetGotbyDG,RT @_KoitoYuu: https://t.co/c8pkNKnI2x,2022-01-09 06:16:47+00:00,[],http://pbs.twimg.com/ext_tw_video_thumb/1511539303746179074/pu/img/TdnBVnmqx3eq7ICe.jpg
ProudMuluri,"Nobody 
Simon ready for Eid after trolling Muslims in memes during saum ü§£ü§£ü§£ü§£ü§£ü§£üôå https://t.co/8oovHRGDBt",2015-01-13 19:05:57+00:00,[],http://pbs.twimg.com/media/FPoy1-GXEAM9nZ4.jpg
tradingpercs,RT @emptycalm: will smith and chris rock memes are going to far https://t.co/ovL49xc0pX,2021-11-19 00:47:25+00:00,[],http://pbs.twimg.com/ext_tw_video_thumb/1511576419272429569/pu/img/E9SjrtKKhbGs4TQI.jpg
ProudMuluri,"RT @ProudMuluri: Nobody 
Simon ready for Eid after trolling Muslims in memes during saum ü§£ü§£ü§£ü§£ü§£ü§£üôå https://t.co/8oovHRGDBt",2015-01-13 19:05:57+00:00,[],http://pbs.twimg.com/media/FPoy1-GXEAM9nZ4.jpg
JeanlaidA,https://t.co/BcmGBfpUHJ,2010-01-02 20:27:59+00:00,[],http://pbs.twimg.com/media/FPoy5-wWUAcgo38.jpg
MayoBrigade,https://t.co/Hl7IwuHf5R,2017-09-01 14:47:42+00:00,[],http://pbs.twimg.com/media/FPoy6mnWUAAr4bG.jpg
ShortStaxxxx,RT @DanielleNicki: Mental health check. Memes only. https://t.co/GOevY9G1Hg,2018-09-07 17:42:40+00:00,[],http://pbs.twimg.com/media/FPlD5EJXwAEHHUY.jpg
AyaanSeezil,"Elon musk buys 9.2% stake in Twitter
#Zuckerberg #ElonMusk #Facebook #twitter #Memes https://t.co/niNcINNEUh",2022-03-12 07:16:21+00:00,"[{'text': 'Zuckerberg', 'indices': [37, 48]}, {'text': 'ElonMusk', 'indices': [49, 58]}, {'text': 'Facebook', 'indices': [59, 68]}, {'text': 'twitter', 'indices': [69, 77]}, {'text': 'Memes', 'indices': [78, 84]}]",http://pbs.twimg.com/tweet_video_thumb/FPoy77kaAAE4BPc.jpg
Brianssebulime1,"RT @ProudMuluri: Nobody 
Simon ready for Eid after trolling Muslims in memes during saum ü§£ü§£ü§£ü§£ü§£ü§£üôå https://t.co/8oovHRGDBt",2020-03-04 21:17:25+00:00,[],http://pbs.twimg.com/media/FPoy1-GXEAM9nZ4.jpg
_draken18,"RT @Daily_Memes__: Self defence

#memes #memesdaily #memes2021 #selfdefence #defence #funny #fail https://t.co/2WT0o3OUVm",2017-08-31 14:55:21+00:00,"[{'text': 'memes', 'indices': [33, 39]}, {'text': 'memesdaily', 'indices': [40, 51]}, {'text': 'memes2021', 'indices': [52, 62]}, {'text': 'selfdefence', 'indices': [63, 75]}, {'text': 'defence', 'indices': [76, 84]}, {'text': 'funny', 'indices': [85, 91]}, {'text': 'fail', 'indices': [92, 97]}]",http://pbs.twimg.com/ext_tw_video_thumb/1460382052524695563/pu/img/q0yaoeLKrsgCKv3Y.jpg
DilliwaliP,"Picchu pdh gya tu to bhaiüò•

#cheems #Memes https://t.co/uwKf0d2eqq",2018-11-20 16:18:14+00:00,"[{'text': 'cheems', 'indices': [28, 35]}, {'text': 'Memes', 'indices': [36, 42]}]",http://pbs.twimg.com/media/FPoy9e5XoAYigeW.jpg
vhsdrm,https://t.co/rF4oCmhfQC,2013-10-30 02:58:40+00:00,[],http://pbs.twimg.com/media/FPoy_7rXsAAXKjo.jpg
ZoeMartina04,RT @_onerolita: cuando est√°s soltero y lo √∫nico divertido son los memes https://t.co/8oaszTRv3k,2018-08-13 01:27:28+00:00,[],http://pbs.twimg.com/media/FPlpkdTXIAwCSfp.jpg
KricketerGully,Simp launde #Memes https://t.co/qiWohzQCF5,2021-10-08 10:54:32+00:00,"[{'text': 'Memes', 'indices': [12, 18]}]",http://pbs.twimg.com/media/FPozBldaMAAar6a.jpg
MerriElaine,https://t.co/7sLoxi6bdI,2013-06-01 19:09:29+00:00,[],http://pbs.twimg.com/media/FPozCLsXMAAUrNw.jpg
funny_quote_bot,#Memes #meme #satire #motivation #motivationalquote #inspiration #inspirationalquote https://t.co/4YG7jYVXD2,2022-02-23 15:39:03+00:00,"[{'text': 'Memes', 'indices': [0, 6]}, {'text': 'meme', 'indices': [7, 12]}, {'text': 'satire', 'indices': [13, 20]}, {'text': 'motivation', 'indices': [21, 32]}, {'text': 'motivationalquote', 'indices': [33, 51]}, {'text': 'inspiration', 'indices': [52, 64]}, {'text': 'inspirationalquote', 'indices': [65, 84]}]",http://pbs.twimg.com/media/FPozDOLXEAM7ZXv.jpg
DuhovnayaS,üòé https://t.co/2qaeiTlowE üòé#memes #jokes #puns https://t.co/cHVuiRdjMe,2021-03-24 14:06:23+00:00,"[{'text': 'memes', 'indices': [27, 33]}, {'text': 'jokes', 'indices': [34, 40]}, {'text': 'puns', 'indices': [41, 46]}]",http://pbs.twimg.com/media/FPozEPTX0AMBZRj.jpg
Pau79179753,"RT @wlcate: #catecoin, the original! https://t.co/yn54WCt785",2020-04-20 11:51:01+00:00,"[{'text': 'catecoin', 'indices': [12, 21]}]",http://pbs.twimg.com/media/FPne0J-XwAMZJPt.jpg
FarelRA1,"@StepnDoge @Stepnofficial My entry memes
@StepnDoge

#STEPNDOGE #STEPN #MoveToEarn #BSC https://t.co/uHZb68lEtU",2022-02-18 12:05:32+00:00,"[{'text': 'STEPNDOGE', 'indices': [53, 63]}, {'text': 'STEPN', 'indices': [64, 70]}, {'text': 'MoveToEarn', 'indices': [71, 82]}, {'text': 'BSC', 'indices': [83, 87]}]",http://pbs.twimg.com/media/FPozFGJVsAUkw3E.jpg
ellevish,RT @kingdomofwench: https://t.co/K9Ze6DW2vv,2012-06-24 22:42:03+00:00,[],http://pbs.twimg.com/media/FPnuYnbXMAo3Jq8.jpg
queen_gaa,eu 10 anos atr√°s tirando foto no espelho com meu pocket parece aqueles memes de baixa qualidade da Gretchen https://t.co/ipM5w6JQzN,2020-10-17 04:57:45+00:00,[],http://pbs.twimg.com/media/FPozFvFXIAInOfu.jpg
JadenRu39395243,Yo freaking memes these days EERi ima play some Gorilla tag ü¶ç https://t.co/Ios0j3uwSa,2021-07-30 02:50:49+00:00,[],http://pbs.twimg.com/media/FPozGr2VIAMIf2Z.jpg
weirdjokes3,RT @DuhovnayaS: üòé https://t.co/2qaeiTlowE üòé#memes #jokes #puns https://t.co/cHVuiRdjMe,2020-11-14 09:38:42+00:00,"[{'text': 'memes', 'indices': [43, 49]}, {'text': 'jokes', 'indices': [50, 56]}, {'text': 'puns', 'indices': [57, 62]}]",http://pbs.twimg.com/media/FPozEPTX0AMBZRj.jpg
galego_calquera,RT @Frunobulax: No entiendo que no haya mil memes con esto https://t.co/qdH3lvuGyk,2019-10-15 11:58:30+00:00,[],http://pbs.twimg.com/media/FPlv2xWXoAAJxu3.jpg
FarelRA1,"@StepnDoge @Stepnofficial My entry memes
@StepnDoge

#STEPNDOGE #STEPN #MoveToEarn #BSC https://t.co/PFhiI22o96",2022-02-18 12:05:32+00:00,"[{'text': 'STEPNDOGE', 'indices': [53, 63]}, {'text': 'STEPN', 'indices': [64, 70]}, {'text': 'MoveToEarn', 'indices': [71, 82]}, {'text': 'BSC', 'indices': [83, 87]}]",http://pbs.twimg.com/media/FPozIm4VgAM1wod.jpg
Bharath4tarak,@Saiakhi65771772 3 memes pages ki co admin https://t.co/O3f1fIRfkX,2021-07-21 03:11:05+00:00,[],http://pbs.twimg.com/tweet_video_thumb/FPozIXYWUAIGyr6.jpg
KyoriUwU,RT @the_nutscout: Memes realizados en 5 minutos #MomazosLechero https://t.co/CBeB6lrG8P,2021-07-19 01:42:24+00:00,"[{'text': 'MomazosLechero', 'indices': [48, 63]}]",http://pbs.twimg.com/ext_tw_video_thumb/1511530251012214787/pu/img/_RCRhmuaBarqwLey.jpg
CraigMaster,https://t.co/przcHImVyl,2011-11-27 12:20:45+00:00,[],http://pbs.twimg.com/media/FPozJ9SWUAIQtC0.jpg
COPPERBRONSON,RT @Frunobulax: No entiendo que no haya mil memes con esto https://t.co/qdH3lvuGyk,2011-10-10 09:01:11+00:00,[],http://pbs.twimg.com/media/FPlv2xWXoAAJxu3.jpg
