,Image_jpg,Meme_text
0,BoRZ04VIMAAdkSc.jpg,"4

'
e hotel/manager or Nigel

pial

"
1,DDkVNaGIFq21rsel.jpg,
2,E60dIkSXMAIYVEf.jpg,"@viraleosmos.
"
3,E9e-32ZWEAMtE2d.jpg,"WAIT, WRIT, WAIT

<5 THAVEYOU' = ~
SCHEDULED YOUR MASSAGE29
"
4,E9M9Xw1XsAQS3D6.jpg,
5,E9P_LpOXoAM61iO.jpg,"50% + 50%
Everything’ —e
What?! It’s
obviously Sale
Sale, Mabel!

SaSa LeLe.

aa
"
6,Ecf-G-BXsAIM50L.jpg,"MY MENTAL
HEALTH

"
7,EcrV3wdWkAE3Eqw.jpg,"NOT ALL WHO
WANDER ARE
| Kos)

SOMETIMES THEY'RE
JUST TRYING TO
FIND COFFEE.
"
8,EdFF1QTXkAYBKfW.jpg,"Take [ole Revel ( =
AY(= Me) al Vm at-le,
one

oui LN

Xe
ss

Cy,
ORFEL
"
9,EdJLWerWoAAukF1.jpg,"When you think you're getting sick
so you take your temperature
twice to be sure

"
10,Ee2Y0WbX0AECw-A.jpg,"a
Loading...

"
11,Em36AvXXIAEHjJW.jpg,"Catching snowflakes on ur tongue

"
12,EtUEjwHXIAEGuNs.jpg,"Sorry | can't come
today. My sister's
friend's mother's
grandpa’s brother's
grandson's uncle's
fish died, and it
was tragic.
"
13,EVh1NC6X0AEB41t.jpg,
14,ExGZiriWUAEkx3H.png,"A LOT OF PRESSURE LATELY

fe ©.

YOUR FATHER HAS BEEN UNDER
"
15,E_Q30jGUcAEWvT7.jpg,
16,FCYbN21VgAc4E6z.jpg,
17,FEn6WgKUcAAWN9y.jpg,"THEY. HAVE noi ne

“yt A ean |
4 ae -

"
18,FIDchjpXwAQeRfJ.jpg,"and always N
wear
oy dad )
black? ""I|prefer
my clothes
to match @
the color

Ne

@NOTHEMEMEMEDREAMS

-
"
19,FIswpf6XIAAGsIW.jpg,
20,FJCMAM4VUAAWZE3.jpg,"SYNTHETICS DARK POOLS,
NAKED SHORTING, LYING
UNDER OATH AND SLEEPING
WITH VLAD
~ CONSPIRACY THEORIES

\NGE MY MIND

"
21,FKiPTraXoAky9xs.jpg,"a>
m= i
ites =

please piss on 1
me like you own me | omg of coursel!

"
22,FL-L4cSXoAYUxUs.jpg,
23,FLCZqlzXwAIiZ7v.jpg,"Ga» é ape g@
@-@e=0@*#«oe
"
24,FN6as-IXoAYUJLv.jpg,"URBOSA'S FURY |
IS READY

| : by noe
"
25,FN9dY57aMAQ-v4G.jpg,
26,FNAZAGvUUAQ1loB.jpg,"This tea is bitter!
Hssssssssssl

Nicolj puts
"
27,FNfGKECUUAAhsGB.jpg,"True Story!
. = Sminutes
. + = 55 minutes
"
28,FNtbzNGacAQ9DEz.jpg,
29,FO-kEUoVEAAVuHs.jpg,"When you can't fall asleep
and you start hearing birds

"
30,FOJjwStX0AIwYQQ.jpg,"Cover them up slut

"
31,FOTUsdMWQAABLCZ.jpg,">)
100+ artworks collected A \Odt
1000+ followers
create Roatan V4

Make first sales
Deal w/ complaints about floor price
Make up utility

Learn glitch art (next xcopy?)

/ ) \ N = 3 =

oo =e 4

Create own style (no sales guarantee)
Learn to draw Pepe (sales guarantee)
Reply to “Shill me your art posts

Airdrop 3D version of early
works (much utility)
Pump early collections (historical)

Floor to 10 ETH
Moon

"
32,FOYJQi8XsAINBKW.jpg,"My clothes My clothes
during the day at 2 AM

"
33,FP-02PjX0Ag5wBm.jpg,"Vorto Gaming Product proposition

Brand Network Currency
—_> >

vena Aunique currency

Digital innovators who have vhs asta and trusted thatcreates
ae ji network that operates on

been a driving force in the > blockchain. Our free-to-access —> Sea onthe
monetisation of gaming and model allows users to play, Vorto Network for
making it more accessible engage and trade in the most gamers and developers

forthe naccse transparent marketplace possible
"
34,FP-0vaCXsAkmNEL.jpg,"4 1
ete gat a marketplacejwihere

an buy and sell gaming resources!

Why Gielans say/something before: nOW.Y
know how much! needed gaming resources ‘i \

"
35,FP-1UqRaMA0uoWt.jpg,
36,FP-4PreXoAM7b3b.jpg,">. Rishav Mishra .°,
@theNormieGuy

Boyfriends when their girl find a wall
with wings drawn on it:

"
37,FP-RmnfWQAMmhjd.jpg,"TOP 10 MEME PROJECTS

fe}

BY BULLISH SENTIMENT

#1

#2

#3

#4

#5

#6

#7

#8

#9

eg

@ PancakeSwap

) Marvin inu

(&) spookyshiba
DD

KS) Shakita Inu
(®) Shib Army

) ElonGate

EverEarn

)

x MASTER_BNB

»@ ©, 6

"
38,FP-sgv5XMAYm-u_.jpg,"QO Never Ask A Woman
>

v¥ Her Age

a A Man

~

His Salary

A Gamer
To stop playing Vorto games
"
39,FP-sjCIWQAQiANB.jpg,"Play and Be Happy

Vorto Gaming was created at the
end of 2020 through a merger of
the Swedish company PD Gaming
Group AB and the Latvian company
VZ Games SIA and has an
experienced and purposeful
organization with the endeavour
of Hash Rush during the third
quarter of 2021.

"
40,FP-sl2KXoAEeWzJ.jpg,"(. . Vorto Gaming Projects

HashRush Game
"
41,FP-soBSXMAQC_YJ.jpg,"4

vite
"
42,FP-sqVyWQAc9o6H.jpg,"Google

Vorto Gaming Marketplace *

| need to check vorto Everything about Vorto
Marketplace out too Gaming makes sense

SRGRAFO
"
43,FP-wWlSaMAQqqtF.jpg,
44,FP02jTlXIAQOeOm.jpg,"Australia’s oldest man (109) knits tiny sweaters for
injured penguins!

"
45,FP03jptXwAUednY.png,"Spending years

studying to &
become a Z
software = 7

developer . 4 a ov

than a minute
on Android

renow adeveloper! |
"
46,FP19_-EXEAM9Hi5.jpg,"UBER: I’M OUTSLIDE
ME: DO YOU MEAN OUTSIDE?

"
47,FP1rKSyXsAEWMHu.jpg,"WANT,I0
>BUY'AHOME?:
= 4

= *

, —_=
a

Ss Ww ae

DON'T DO IT SOLO. y

ae
cE:
"
48,FP1yEEUWYAU-cn7.jpg,
49,FP1YlIqXoAQwwsW.jpg,"WHOEVER/EAPERHANDS SHYMC

7
2

YOUR MOM'S AHOE
"
50,FP1YuiYVIAIIsGY.png,"Society if people cared about men's
mental health and women's mental
health equally.

) ‘

"
51,FP2f4J0XwAEZ-Vu.jpg,"Insurance It's Thor, so you
companies when

a superhero
destroys half
the town

can claim it's an
act of God

"
52,FP2Gvz4XwAwc5ru.jpg,"Society if people cared about men's
mental health and women's mental
health equally.

) ‘

"
53,FP2mvmdWQAYqvri.jpg,"“True happiness comes
from snorting coke off
hooker’s ass.“

-Dalia Lama

"
54,FP2SJQvWUAAy7Bq.jpg,"“True happiness comes
from snorting coke off
hooker’s ass.“

-Dalia Lama

"
55,FP2ZAoDX0AMHGQY.jpg,"A When you
, come to school

W *nothing happens*

a
=

When you don't come to school for
one day :

"
56,FP368VbXIAc7oWE.jpg,"Over thinking during childhood

"
57,FP37MguakAEjQDe.jpg,
58,FP3FTmjWQAYWm_l.jpg,"Waking up In evening
and sitting confused for
sometime

To find out whether it’s
morning or evening 3)
"
59,FP4qwbAaQAMWpI2.jpg,"A man in Florida woke up witn a
headache, only to discover his wife
has shot him while he slept. He
survived.

"
60,FP4qZ5_XoAkEntj.jpg,"My parents in their 30s

This would make a lovely second
home for our family to winter in.
Hopefully the garage can fit both
our cars, snowmobile and ski
equipment.

Me in my 30s
Should | buy
a pet NFT
rock for &
$40,000? ae wane

OWNER OWNER

"
61,FP4uki3WYAEzwHT.jpg,"When you turn on the
kitchen light at Efi

"
62,FP4w8FSWYAMjD-Z.jpg,
63,FP4yC0WaAAQiX74.jpg,
64,FP4yhytXMAENbFj.jpg,"My rifle when | feed it brass
instead of steel

Mf Se -
tA That’s the’good stuff.
"
65,FP5-dzBXoAAzhoK.jpg,"Me: uh oh someone's under the
mistletoe!

Raccoon I've cornered in the garage:
[hisses angrily]
"
66,FP52qozXwAI7Fyn.jpg,"——— Ml i st eee ee ee @

WHEN YOU SEE YOUR HOMIES

,
4
a | ,
;

‘
r+
a
to .
— 2 et? 5
a, Odankhorrormemes
: \ :

FROM ACROSS THE ROOM
"
67,FP58w__WYAsMhz4.jpg,"Dear followers,

Today I offer you
Frog with tie

Tomorrow?
WINO KNOWS.
"
68,FP5bEIVXsAM7qXk.jpg,"eM alm ea\acezali(elaterexe my Unvalelenmr- lan
reason...

"
69,FP5cmeFXoAA5Xx6.jpg,"When someone is crying
and you don't know what to do

a?

.+

os ke a wv
j } wiodgi 4 Vike
u want water?
"
70,FP5cObsXsAQKOcs.jpg,"Crush: *Rejects me*
Also crush: Im sorry, are you mad?

av age: ff
<€ Tf - §

aide Fi, witnnneRggause now... ‘I know what I must do,”

oa |
"
71,FP5epQUWYAEpsAA.jpg,
72,FP5hSuSWYAYYoXX.jpg,"Crush: *Rejects me*
Also crush: Im sorry, are you mad?

av age: ff
<€ Tf - §

aide Fi, witnnneRggause now... ‘I know what I must do,”

oa |
"
73,FP5sXYYXMAcH7pZ.jpg,
74,FP5vEAEWYAIkcww.jpg,"THE GROUNDHOG
Is COMING OUT
FOR THIs YEAR!

SUCH
STRENGTH.

stewart matzek http://amateurhourcomics.co
"
75,FP5VeixXsAMxOr_.jpg,"GLOBE full W © (82:10

~ ef

©) (@) ( Following

One World Nation

@OWNeryptoverse

First NFT based Play to Earn game on Crypto Markets. Own,
Breed, Play & Earn Cryptos! discord.gg/c3DbaBW7TN

joined

Cryptoverse © linktr.ee/OWNcryptoverse

December 2021

98 Following 10.1K Followers

io? Followed by eC 83endayalt £
Be and 8 others

Tweets

Pa, luckyAirene,

Tweets & replies Media Likes

z)

One World Nation @OWNeryptoverse - 4h
& Ethereum NFT Reveal Contest

© Inflationary Vitalik #€
Inflate Vitalik & Win $250 in ETH 66 6
BB Like, RT L@ On]
B Comment with hashtags
#InflationaryVitalik
#ETH
#Meme

10 winners will be chosen.

Every 1,000 RTs, Vitalik will inflate.
Ethereum #NFT reveal at 10K RTs.

"
76,FP5_5KIXMAgyand.jpg,
77,FP6-TKFXwAMeQJJ.jpg,"», A

IMAM FHT AAUOY
"
78,FP60JDqXwAQg5Mb.jpg,
79,FP60zcVWUBA-wkt.jpg,"i TOLD MY
HUSBAND,
“SEE? 1 CAN FIT
ALL MY CRAFT
SUPPLIES INTO
ONE BOX.""
HE SAID “STOP
CALLING OUR
HOUSE A BOX.”

AGIRLANDAGLUEGUN.COM
"
80,FP61yIgWYAI2cwe.jpg,"Scientists invented a bracelet
that converts stress to energy

"
81,FP62AJRaQAAu2gt.jpg,"Ls r

ESTE 10 DE ABRIL
"
82,FP62Ou3XsAkpj2_.jpg,
83,FP63e--X0AwyodR.jpg,"Me: *opening crate in guesty*
Crate: Codecake
Me:

"
84,FP63KljWUAIR96w.jpg,
85,FP64rerXEAU_mq8.jpg,"When she yells patriarchy

| say Okay groomer

"
86,FP64sZmWQAMRmGT.jpg,"eee ASSEN I ieorel>
TOD

SS leita 4 0
me-taq. liffthe button:

"
87,FP64ZZ3WYAA2K2X.jpg,"“money doesn’t buy happiness”

me:

"
88,FP67q8EaUAAVTEZ.png,
89,FP6aEFKXwAk_MsM.jpg,"4 March
18.06

"
90,FP6arkXaIAA4Lpb.jpg,
91,FP6b5iKaMAE4eRR.jpg,
92,FP6bP79agAM0nJt.jpg,
93,FP6c4QVXMAETpzY.jpg,"Behold, the power of my friends!

"
94,FP6e2qcXsAcjy8t.jpg,"BLUSHING FACES MEME,»

AVERTING EYES RED-FACED CURT

"
95,FP6fJa_X0AQtHb1.jpg,"OTwoFaceO How was you day?

L4kitue my mother is dead butt i love my life i
have drugs

OTwoFace0 cool i finished my book today
L4kitue ilove you

L4kitue xD

OTwoFace0 I love you too
"
96,FP6FTABaUAAiLkm.jpg,"Desi Writer's memes

When planning plot While Writing While Editing

"
97,FP6iccSX0AQGqNb.jpg,", OHNO, REX ZAPIS IS DEAD?!”
REX LAPIS:

"
98,FP6J2CPXwAA9ofV.jpg,
99,FP6jLrXXwAAPbpj.jpg,
100,FP6LZYlWQAI_mVC.jpg,
101,FP6m8tzaAAIPx47.png,"Your tie in Apri

/
/
| }
"
102,FP6mE5_XwAM9ts_.png,
103,FP6mpP8aQAY4bbe.jpg,"+ ll 40% MF 23.36

&) (@"") ( Mengikuti
One World Nation
@OWNcryptoverse

First NFT based Play to Earn game on Crypto Markets.
Own, Breed, Play & Earn Cryptos! discord.gg/
c3DbaBW7TN

© Cryptoverse © linktr.ee/OWNcryptoverse

98 Mengikuti 9.338 Pengikut

& os, Diikuti oleh Berkah Ramadhan &, Martin Smith, FABRI
*439'5) CRYPTO ®. dan 4 lainnya

Tweet Tweet & balasan Media Suka

4 Tweet Sematan
One World Nation @OWNcrypto... - 2 jam

Zy) #& Ethereum NFT Reveal Contest

“c Inflationary Vitalik #%

Inflate Vitalik & Win $250 in ETH @&
"
104,FP6n3f_X0AsKrNJ.jpg,"©
¥
\

“@ opensea
"
105,FP6njV2XsAASYWE.jpg,
106,FP6o5cXaQAMoZrY.jpg,"19:34 HD+ | %57

© COLLECT. PLAY. EAKN |

IN’CRYPTO

® — Takip ediliyor

One World Nation
@OWNcryptoverse

First NFT based Play to Earn game on Crypto
Markets. Own, Breed, Play & Earn Cryptos!
discord.gg/c3DbaBW7TN

© Cryptoverse & linktr.ee/OWNcryptoverse
Aralik 2021 tarihinde katildi

98 Takip edilen 9.247 Takipci

CH 4 #WarSindia #AlphaKongsClub, Martin Smith,
=**"" dints ve 7 kisi daha takip ediyor

Tweetler Tweetler ve yanitlar Medya Bege

4% Sabitlenmis Tweet

One World Nation @OWNcrypt... - 2sa
of Ethereum NFT Reveal Contest

@ Inflationary Vitalik 3%

Inflate Vitalik & Win $250 inETH § § &
@ Like, RT [A On]

® Comment with hashtags +]

#inflationaryVitalik

actin

Il O <
"
107,FP6oDzPWUAIDGtw.jpg,"if iT
MAKES ANY DIFFERENCE,
| CAUGHT A FLY.

UNGVISTOY. Com
"
108,FP6oJW7aQAQhCkK.jpg,"Jada Pinkett Smith ‘never’ r .
wanted to marry Will, cried
at ‘horrible’ wedding

By Asia Grace

)

April 8, 2022 13:44pm

HAPPIEST GUY RIGHT NOW

>»

(

"
109,FP6oKH9aMAEDFZY.jpg,"ie

; we m _ Sg
i : i.)
Lett 1 iC. +e)
ie
"
110,FP6oloEWQAInkCX.jpg,"“ COLLECT. PLAY. EARN

IN'CRYPTO

& @ = Mengikuti
One World Nation
@OWNcryptoverse

First NFT based Play to Earn game on Crypto Markets.
Own, Breed, Play & Earn Cryptos! discord.gg/
c3DbaBW7TN

© Cryptoverse & linktr.ee/OWNcryptoverse
Bergabung Desember 2021

98 Mengikuti 9.460 Pengikut

% Diikuti oleh BalabalaHaneut, bi freetag J, Ajut
© Bigwin, dan 21 lainnya

Tweet Tweet & balasan Media Suka
One World Nation @OWNcryptove... - 2 jam
@ Ethereum NFT Reveal Contest

@ Inflationary Vitalik 3

Inflate Vitalik & Win $250 in ETH § § §

@ Like,RT[A On]

® Comment with hashtags
HinflationaryVitalik

#ETH

#Meme

10 winners will be chosen. +]

Loner d AAD DT a Vitalile sill ieflntn
"
111,FP6O_RqWYAURsJh.jpg,"4 MASLEES | 4 LOSSES

i, yi
CSK LOSING 4 CONSECUTIVE MATCHES IN AN IPL SEASON

2010 & 2022
"
112,FP6p4w_XsAAP1aE.jpg,"© COLLECT. PLAY, EAS

IN'CRYPTO

ue

One World Nation
@OWNcryptoverse

Following

First NFT based Play to Earn game on Crypto
Markets. Own, Breed, Play & Earn Cryptos!
discord.gg/c3DbaBW7TN

© Cryptoverse & linktr.ee/OWNcryptoverse
Joined December 2021

98 Following 9,411 Followers

Followed by ##WarSindia #AlphaKongsClub,
GB Nic Ruz Gs, dints, and 7 others

Tweets Tweets & replies Media Likes
One World Nation @OWNcryp... - 2h
@@ Ethereum NFT Reveal Contest

@ Inflationary Vitalik 3

Inflate Vitalik & Win $250 in ETH § &
é

@ Like,RT LA On!
® Comment with hashtags
#InflationaryVitalik

ueti
"
113,FP6paP0WYAogsIW.png,
114,FP6pfYaaQAAaEnT.jpg,"@ *"":

*

| ep

Review Sessions

Anti-Nationalist Language

‘The uae of any language against the state

Tiananmen Square

Removes any mention of the Tiananmen Square

Winnie the Pooh

Removes cutura references of Wine the Pooh

Taiwan being an
independent country

Ramos lange sapgesig Tahen nan
‘pendent ey

Xinjiang internment camps
Removes references tothe genos fthe
‘Uighur musiims in the internment camps
Hong Kong protests

ameven all easiions td ina Venen anc esha:

a

= = =
= = =

»,.
= -
iS =
hs =

"
115,FP6PGD9aAAUgHqj.jpg,"""Who has done this!?""
"
116,FP6pQGJaQAMCgvB.jpg,"Me: | love head.
Her: I'll give you more than you can hanelle.

Me: Prove iL

"
117,FP6pxs2WYAce3aJ.jpg,"@ F al wll 80%@

Anda akan mendapatkan notifikasi untuk

Tweet baru.

@ = Mengikuti

One World Nation
@OWNcryptoverse

Usulan untuk diikuti
Sekumpulan akun yang sesuai dengan One World
Nation

eo

Menampilkan Digital Ape Club, Giovanni
Monte 3, Playwif}Girl.NFT, dan 7 lainnya.

First NFT based Play to Earn game on Crypto
Markets. Own, Breed, Play & Earn Cryptos!
discord.gg/c3DbaBW7TN

© Cryptoverse “& linktr.ee/OWNcryptoverse
Bergabung Desember 2021

98 Mengikuti 9.743 Pengikut

Diikuti oleh dev free tag / , Buzz #4 || FR
bia rin &, dan 40 lainnya

Il O x
"
118,FP6qmYuXMAoLqsb.jpg,"DON'T MISS | |

4 .

"
119,FP6qnayXwAQOdGJ.jpg,
120,FP6RowLXsAIPQS0.jpg,"ven Ta

CANDLELIGHT
DINNER

MY
. CANDLELIGHT
: DINNER

"
121,FP6sejYaQAEGYrE.jpg,"When you're homie is rollin a blunt and
you throw some extra bud in to make it
extra fat...

"
122,FP6s_d_aIAAgJsE.jpg,"7 lam once again asking
B JORE $FURY WHEN YOU STILL YOUNG
"
123,FP6t3XOXsAEwBBd.jpg,"-) TNTObro Today at 1:08 PM
/S"" When you need nitro

(e) TNTObro foxay 21 105M
_Unfortunately you need nitro

re) kkearn Today at 1:05 PM
~"" Just found that

(@) TNTObro +.

"
124,FP6t8JvX0A07BtX.jpg,
125,FP6uCC9XEA0m34H.jpg,
126,FP6um8TWYAscRaV.jpg,"Skiddadle skiddoo
Your favorite YouTuber
had just been outed as a

pedophile
"
127,FP6vuXdagAEUuo7.png,"When you escort girls through the crowd at the club

"
128,FP6wskFWQAUl4Au.jpg,"People in America

Did you just insult my
culture, I'm 5% Italian !

OMG, I'm so sorry...

People in Europe

"
129,FP6wZXbakAQ_d_Z.png,"04.16 RV Oo © M4a

Wy) (B) (@) ( Mengikuti

One World Nation

@OWNcryptoverse

First NFT based Play to Earn game on Crypto
Markets. Own, Breed, Play & Earn Cryptos!
discord.gg/c3DbaBW7TN

© Cryptoverse © linktr.ee/OWNcryptoverse
& Bergabung Desember 2021

98 Mengikuti 10.618 Pengikut

LB Diikuti oleh ###WarSindia #AlphaKongsClub, Jen,
lucky? ¥ , dan 5 lainnya

Tweet Tweet & balasan Media Suka

One World Nation @OWNcrypt... - 6 jam !
4) @ Ethereum NFT Reveal Contest

* Inflationary Vitalik 9%
Inflate Vitalik & Win $250 in ETH @ OG

OB Like,RT[& On]

(@ Comment with hashtags
#InflationaryVitalik

#ETH

#Meme

10 winners will be chosen.

< e a
"
130,FP6YCXaaAAIEgeI.jpg,"named after the greatest
game engine of the
2000's

mainly known for award-
named after a winning Team Fortress 2
kitchen appliance animations (awesome game)

mainly known for
Overwatch porn
(cringe game)
models look too
smooth and
uncanny

models have the
strongest, most rigid
polygons

new kid on the block,
old a8 het released in 2012

released in 1994

doesn’t have
fempyro model

has fempyro

“Advanced Fluid
model

Sim” makes cum
look like jelly

“Barbell’s Cum Tech”
accurately portrays the
male ejaculation
"
131,FP6yVf6WQAAjp5X.jpg,
132,FP6_RXlacAAZS0C.jpg,
133,FP7aapJXsAUmCWu.jpg,
134,FP7aDRFXMAYf9Ea.jpg,"MY PROBLEMS
"
135,FP7aWWEX0AkEUX9.jpg,"2:40AM Ki Wo:

You'll get notifications for new Tweets.

@ Following

One World Nation

@OWNeryptoverse

First NFT based Play to Earn game on Crypto Markets. Own, Breed,
Play & Earn Cryptos! discord.gg/c3Dba8W7TN.

© Cryptoverse © linktr.ee/OWNcryptoverse
® Joined December 2021

98 Following 10.2K Followers
eb Followed by ChCh!
and 3 others

Tweets Tweets & replies Media Likes

BA. Belle sky @— LJ. TheMoonDex #7,

‘One World Nation @OWNeryptoverse - 4h
<@ Ethereum NFT Reveal Contest

@ Inflationary Vitalik 3

Inflate Vitalik & Win $250 inETH § § &
GB Like,RT (.& On]

@ Comment with hashtags
#inflationaryVitalik

#€TH

#Meme

10 winners will be chosen.

Every 1,000 RTs, Vitalik will inflate.
Ethereum #NFT reveal at 10K RTs.

"
136,FP7bfGIXIAUpimC.jpg,"Kids these days

"
137,FP7bIsRXwAk_Y1O.jpg,
138,FP7bxF7XEBANJiV.jpg,"4K [EEG |)

4K ULTRA HD + BLU-RAY™ + DIGITAL HD’

A STEVEN SPIELBERG FILM

"
139,FP7CfAuWYAMc_mR.jpg,"oS

—""

us

AN EGG WITH A BUTT
WITH AN EGG IN IT’S BUTT
"
140,FP7Db-qXEAUyO5L.jpg,
141,FP7dUt1aQAAgQGL.png,"wg

Fake a \

only see mom miles

‘as kink dispenser

f
73.

Me who wants a
meaningful
relationship

Me who wants mommy to be
happy and fulfilled as well
and recognises that she has
emotional needs and is

person

"
142,FP7eHSrWYAspoCH.png,"@ Messages and calls are end-to-end encrypted. No
one outside of this chat, not even WhatsApp, canread |
or listen to them. Tap to learn more. F

You + Status
& YOUR DAD IS HERES

9:55PM

Ghar lay ja isay bsdk@s

Dekh lay mein to sirf 1 ko le kar jaon
ga phr tujy 5 le janay parain gay

4. Molana Fazul Rehman

2. SHAHBAZ SHARIF

3.Hamza SHAHBAZ

4.Bilawal Bhutto

5.Asif Ali Zardari

6.Khawaja Asif %,,

SOCH LAY ITNAY SARAY GHAR LE JAY

CA®@

BAAT karnay se phly Socha karo
'y My Sin 10:10 PM W/

© Message YS a rs )
g

O O
"
143,FP7eJo2X0AAtWtu.jpg,
144,FP7eMmjWQAksKWh.png,"1 LOVE SEEING PEOPLE SMILE HAVE THEY ISITA
AT THEIR PHONES IN PUBLIC RECEIVED i FROM
VED ONE
HAPPY NEWS? poms oe

eS ea
ei
cand
Anode
ce
SUCH JOY IN THAT MOMENT?

"
145,FP7FI6YX0A4eQwR.jpg,"Go tweet
about
SamoCron
now !!

"
146,FP7FKq8WQAATYI6.jpg,
147,FP7FKTAWYAYg7U4.jpg,
148,FP7GwrSWQAE8VAG.jpg,"ARF al 1D

Anda akan mendapatkan notifikasi untuk

Tweet baru saja.

© @ — Mengikuti
One World Nation
@OWNcryptoverse

First NFT based Play to Earn game on Crypto
Markets. Own, Breed, Play & Earn Cryptos!
discord. gg/c3DbaBW7TN

© Cryptoverse & linktr.ee/OWNcryptoverse
Bergabung Desember 2021

98 Mengikuti 10.349 Pengikut

OE Diikuti oleh ##WarSindia #AlphaKongsClub, 9¢

4, Sadam, dan 17 lainnya

Tweet Tweet & balasan Media Suka
One World Nation @OWNcr... - 4 jam
@@ Ethereum NFT Reveal Contest

@ Inflationary Vitalik 3%

Inflate Vitalik & Win $250 in ETH § §
&

@ Like, RT [A On]
® Comment with hashtags

#I\nflationaryVitalik

O O g
"
149,FP7HjRmXEAA5P1H.jpg,
150,FP7I0iZagAIEj9A.jpg,
151,FP7I3btaUAQ5R0k.jpg,"Samocr,

=<. ~
a
— —

eS -

"
152,FP7I5fBWQA40zVG.jpg,
153,FP7I5yAaQAEKiA8.jpg,
154,FP7IE8QXwA8-AaT.jpg,"r--------f_Sr~—™

=
£
S
=
=
~
a
ss
=
a
=
o
®
a

File not found

Why am!

"
155,FP7IIY6aUAAaISd.jpg,"MISSED
SHIBA??
GET
$SPUSH

"
156,FP7IuuKXIAErWp2.jpg,"this one has
SPUSH

this one doesn't have

SPUSH
And Just look at it

"
157,FP7J1y8akAEjs4Y.jpg,
158,FP7J4GBakAECLgx.jpg,"$3 MUSK VEGAS

"
159,FP7J6yVaAAI8jgt.jpg,
160,FP7JfH5XsAI_4uh.jpg,
161,FP7JvtragAApepx.jpg,
162,FP7LjvUWUBAN1gL.jpg,"ME THINKING :

how to become millionaire in 1 day

"
163,FP7MjWiXEAAjk1F.jpg,
164,FP7MkmeX0Aw7Tb7.jpg,"a >

¢

Ae

whatithe hell is this?
"
165,FP7Ml68aQAgTld9.jpg,"They don't know | buy
$SAMOCRO in early
"
166,FP7Mq35aIAAnwGA.jpg,
167,FP7MsyuXEAgDkFP.jpg,
168,FP7NlkNXIAcz29F.png,"Today | saw a
eMVETa mei liilel are)
down a prison wall.
I thought to myself
That's a little
ered are(=trer-larellare)
"
169,FP7NtqRWQAkXePm.jpg,
170,FP7Nv6AagAASBbT.jpg,"your samocro in

"
171,FP7Nz_LXwAA8Wu-.jpg,"Or

OQ

"
172,FP7O3YcacAAQEZ3.jpg,"when your cild
sells all your
SamoCro

"
173,FP7Ob8XagAAXY5R.jpg,"choose the correct
answer

7.) d
yj ~

-

-

i is the best ayes to investmen

ae  GeamoGre XE: samoCro

aS

c:SamoCro “D:samoCro

{| ea eee 7 a

"
174,FP7PVrTXEAobdwR.jpg,
175,FP7PXIHaIAIP2Uh.jpg,
176,FP7QDKTaUAE2IY2.jpg,"BOSS VS INVESTOR

Boss investor

Samocro

"
177,FP7QnXnacAAKkyz.jpg,"WHEN INVESTORS KNOW SAMOCRO
LAUNCHED AND HIT 100X

"
178,FP7R166aUAEJ7C5.jpg,"AND THIS IS FLNKSKRN N@LKSKLCH,
OUR VICE-PRESIDENT IN CHARGE
OF PRODUCT NAMES.

facebook.com/brevitycomic O20 gay Lirodd Dist ByUFS, Inc
"
179,FP7RjFtaMAEeXcU.jpg,"Mick Sean and Paddy are
sitting in a bar complaining
about their wives.

Mick says, ""My wife is so
Thick, she sets the alarm on
the cooker yet still manages

to burn my tea”

Sean says, ""My wife is so

Thick, she listens to an iPod
and she doesn't have any
earphones.”

Seep Calm Aud Gh Leck MI Enjoy Pome Ceaic
Paddy says, “Thats nothing,
my wife is so Thick, she
carries a purse full of
condoms and she doesn't
even have a feckin d*ck.”

"
180,FP7Rz4MakAAywXU.jpg,"i >
4 eo
jyou're making it 5«*

4

"
181,FP7S-k5aMAEpBAr.jpg,"SPIDERMAN : FAR FROM GYM

"
182,FP7S5bIXsAIjreu.jpg,
183,FP7T0BSXMAYBe_d.jpg,"WHAT THENNIX(DID

"
184,FP7TB2ZXIAEemOF.jpg,
185,FP7TelAaIAMj6xa.jpg,"You ites to
. g0...keep
wow this guy

is a cryptocat
holder

up the
good work

"
186,FP7TFsbaAAAIq3V.jpg,"vVnen you clean your room so goood
hat the only trash left is you

ao
"
187,FP7TgykXMAE8SYX.jpg,"Se
oS 1 Stealth Launch
= |
i => | : J to the MOON with |
I i “Sx | Fellow Us from Sameera! i
i :
| ( a j
I Cronos blockchajn
I} Thec i |
/ © Cronos Chain is the New| Mecompatio.
chain Web3, i j
| j
j

"
188,FP7TitXaAAAFjg1.jpg,
189,FP7TJAGX0AQTIy5.jpg,
190,FP7TlcLWUA0vsGm.jpg,"3 toxic people looking at each other

ad 7 —

"
191,FP7TLQ5aUAA9jGY.jpg,"SPACE 1S NOT SAFE PNYMIORE
tHe IMPOSTERS save TAKEN OVER

"
192,FP7TMZTakAAhAZ1.jpg,
193,FP7TN-VagAEwvC2.jpg,"Hospital Bill
-Head surgery

total:$400,000

"
194,FP7TtMbXEAYucEN.jpg,"told
re

GREAT.

BIRD WINGS WOULD YOU
LIKE: HAWK, SPARROW,
HUMMINGBIRD...

WHAT DO YOU
WISH, MORTAL?

WOULD YOU LIKE BIRD WINGS, BAT
WINGS, DRAGON FLY WINGS...

NOW, WHAT KIND OF

HUMMING BIRD
SOUNDS COOL...

SYCHOMIC ON WEBTOONS

WHERE WOULD

YOU LIKE TO FLY?Z

NO, IT WANT THE
ABILITY TO FLY!

OH, OK, $0 DO YOU WANT]
A FLYING SUIT, WINGS,
OR THE ABILITY TO FLY
USING MENTAL WILL

NOW, IN REGARDS TO YOUR WEIGHT,
WOULD YOU RATHER ME SHRINK
DOWN YOUR BODY OR WOULD YOU
LIKE REDUCED BONE DENSITY?

BONE DENSITY...

GREAT, NOW WE'LL HAVE TO Give
YOU AN INCREASED METABOLISM,
BUT TO WHAT EXTENT WILL

DEPEND ON HOW LONG YOU PLAN

FX
=e TO FLY AT A TIME...
VA GOOD THING I DIDN’T ASK
ui FOR WORLD PEACE...

‘

< m {
INSTAGRAM.COM/SYCHOMIC
"
195,FP7TvnDWQAI4dA0.jpg,"Poin tr few wt
Yoo froma the first
Sse

"
196,FP7Tw10XMAIpQ_n.jpg,
197,FP7T_3uXsA8KALq.jpg,"Russia: Let us take
your capital

The people of Kyiv:

"
198,FP7UALQXwAAW2sq.png,"when you tell yourself you're not going
to let it bother you and it replays in your
head the whole day

"
199,FP7UAY3WUAUk3g3.jpg,"alzh

alzheimer's symptoms

"
200,FP7ULhRXEAY5KWS.jpg,"When | When she
block her blocks me

"
201,FP7UPg0WQAUQnC0.jpg,"MY HEART

resting

exercising

Reaching into my
pocket and not
feeling my phone

"
202,FP7V-7KXoAc-REz.jpg,"When you bake a fantastic cake

"
203,FP7V3jfagAA-F49.jpg,"When the teacher asks a question and
you're trying to avoid eye contact

=

boredpgpta. com
"
204,FP7V5b7aIAMboIS.jpg,"I’m so vegan that every time | see this
ad, | think she’s swimming in tofu

"
205,FP7W6mvXEAc4C4w.jpg,"1 « Qe.
PARTNERED WITH: .
© SAFEMOON @)FLO0Z TRADE 6 r=y= v4 ;
a a .
Le = QQ ee © Dec Finance °

VERIFIED CIRCULATION SUPPLY ON 10+ DATA AGGREGATORS

- i, Perea caver
A) coincecko —uvecomwarcn By SOMPATAFLOW —_coinpaprika §@NOMICS # Coinranking caveto

Qyovincheckup BZ coincodex 8 blockspot.io @crypto.com @coinMarketcap  CoinEore

WWW.PULITOKEN.NET
"
206,FP7WRWvWQAIMLCd.jpg,"Everyone looks suspicious of
each other in 14 century art

"
207,FP7XQ0naAAADReZ.jpg,"Girls : Eww, She Is Copying
My Outfit

Boys :

"
208,FP7ZHjsWQAcn0Xq.jpg,"NO WAY?
Ow

4;
oq

.  t
"
209,FP8mIsHWUAAmqSY.jpg,"Sometimes all a person needs is
that one missing piece

ONE BILLION
DOLLARS

"
210,FP9mVJ3akAEnCOs.jpg,"Proud Dundonians when they
hear someone call the ""Dundee
Law"", the ""Law Hill""

"
211,FPblWmfUYAEGFSF.jpg,"an

WHEN|YOUR/PLAYING LEGO)STAR
WARS ON|THE WIlAT;2/AM AND)
(OULD PARENTS FOOTSIEDS

OUR PARENTS FOOTSTEES:

RK

ae x
| don’thave.a-planakin...
"
212,FPBvUsCXwAE6Odw.jpg,"‘implicit message-

Never give Up,
Close ranks ame]
"
213,FPcAvU8WYAU-riY.jpg,
214,FPcrX9RWYAcw143.jpg,
215,FPdBd9RXwAEpjxG.jpg,
216,FPeUgk3VcAAWIIr.jpg,
217,FPf-OqfXIAMoCUo.jpg,
218,FPg-Dr2X0AAI_FH.jpg,"Perfect Example of
Don' b judas fom plore) a its cover

"
219,FPg-gOEWUAUL97N.jpg,"Me: Sits down and plays video games for
half a second
Parents:

<

\@
This man contributes
absolutely nothing to society!
¥ Lazy
A Unwashed
A, Just lies around all day eating chips

"
220,FPg2gTiXoAolPSN.jpg,"BoyveDo you
marry me?
EfirleOoo

"
221,FPglA1xXIAsJeAD.jpg,"Nobody declines a call faster
than a 4 year old kid watching
YouTube.

Remind Me Message

fh \

Decline PNexer=) 0)

"
222,FPgqnylXMAI_jWr.jpg,
223,FPj6MXTVcAIaEl1.jpg,"when a new vegan

@totallyvegan buzz!

"
224,FPjSFTCXsAU7WiH.png,"Make Luna
Launcher #

zAo

tt s that easy!
"
225,FPlwh8_X0AAjXwN.jpg,"Me knowing |
/ lake hVie) neither

ry
"
226,FPlzWe9WYAMUW3C.jpg,"Can woman
ome a president

of Russia |

Because i'm not a woman
"
227,FPm464eaMAAAlmZ.png,"Slapping My Face For 24 Hours In One Video! ~

20M views 3 years ago

&e¢ FF A O

814K 326K Share Download Save

1-10) e111 <0) 8)
12.8M subscribers

Comments 111K

rey
"
228,FPmatzEVQAcu5Jw.jpg,"ployee melee (-15
idatcimel(e)
jobs are
like flowers
to men.
"
229,FPnhNvsVsAIMNO8.jpg,
230,FPnVH4uX0AAekhG.jpg,"WHEN YOU'RE TRYING TO TALK IN HER

»

EAR AND SHE'S ThehUis
‘©: FILIPINO WOMEN
"
231,FPO8vhPXsAQp-dl.jpg,
232,FPoa8FDVsAczqpp.jpg,
233,FPoaytJUcAU6m-M.jpg,"HARUNO SAKURA

You're not intefestiga. | don’t like WGUse aa
"
234,FPobFXaUYAIlqje.jpg,"ae
uireinot funny! You neverm: ake)

@obile tobi [

:
"
235,FPP7mccXsAEYN_E.jpg,"a set of my
dragons ready to

fight.
let's try...

fs Ghis, 0 do

enn 0 losing
Cs 080s Ginhks Huy

DRAGON CIASTERY

"
236,FPp9PpWacAQqznF.jpg,"TL
Ses tr,
GS |

FN

"
237,FPpBYybaAAE_PWL.jpg,"0 they have am pu ject air, ffi
@ 10 tolow J ovary
rai tenn gba

iter
efi TOP OVAL
emdl fi
willl [oe
(fn deuinivally)
fim, [ 1
will)

"
238,FPQgctAX0DArpNa.jpg,"Appreciate a mans effort,
sometimes you just didn't know
what they had to go through just
to keep you happy

"
239,FPqXaIvXoAUZp6s.jpg,"sunshine protector sunshine

"
240,FPrfFJrVsAEv_XV.jpg,
241,FPrQWgAXIAIFpGs.jpg,"When vivziepop
makes more merch |
can't afford

"
242,FPRtkUoX0AE2Q4x.jpg,"Dbl summonings in a nutshell

Summoning On
new banner

Old a-ss LL unit who'll
reach 3 stars

"
243,FPrw48CXMAkjPhM.jpg,"0 they have am pu ject air, ffi
@ 10 tolow J ovary
rai tenn gba

iter
efi TOP OVAL
emdl fi
willl [oe
(fn deuinivally)
fim, [ 1
will)

"
244,FPs-X8NVUAMfClA.jpg,"Nobody:
That one honda owner at 3am
"
245,FPSHmOfWYAwBnng.jpg,
246,FPskGHdagAEOPHS.jpg,"Darwen
Fuck, my pp won't go down wth xD «

I olnatelaul
THE HELL XD

cv)

Darwen
HAHAHAH &
"
247,FPsMdgbXoAQtAHJ.jpg,"Skeleton on Instagram

Normal skeleton and TikTok

"
248,FPsSSiIWQAQvXLE.png,">
>a
£o
Ge
(Ve
Bs
ie
+
+
os
Oy
rm)
5°
ag
“MW
63
ao

"
249,FPt4_yQaUAQESRV.jpg,"i A if If you are very talented
( (and make great efforts,

~_ results are just a
matter of time
- Crow Buffett

"
250,FPt54MgaQAIlzow.jpg,"Pa

"
251,FPUTtemVQAAZkTr.jpg,"WHEN IT'S A SOLANA SUMMER
@SOLANA FAVELA
"
252,FPuubRHVsAEaPi3.jpg,
253,FPUUDTRVEAQGSKO.jpg,
254,FPvbdZjWUBEtpFM.jpg,"The potato
my mom
peeled

The potato
| peeled

"
255,FPvj-J9WQAECkNe.jpg,"sports

Ricky Williams
blames pot for his
failed drug tests.

“I got high and forgot
I wasn’t supposed to
get high”

"
256,FPvXhGUVkAAE89b.jpg,"Hi! my name is [Jason | Ah! Nice to

Say Jarvis, wanna hear
about T cell
development in detail?

made with mematic THEJENKINSCOMIC
"
257,FPvzoeDVsAQ53lx.jpg,
258,FPw-X8gXIAA19qz.jpg,"Choose your weapon

(\>

Sling Shot

~~

Sword Nun Chucks Magic Staff Scratcher

"
259,FPw1wWxVUAwUN1J.jpg,"tuck this fob / *goes to work*

"
260,FPw5NBrX0AE09JZ.png,"BILL MURRAY FOR'PRIME MINISTER

"
261,FPwb3rraQAEFrtJ.jpg,"VERTICAL
HEALTH PROGRAMS
[ia

'@
"
262,FPwcRKcUYAsu1vM.jpg,"a blank
c

Anvas...

"
263,FPwojBkXIAYcWIZ.jpg,
264,FPwRuvEaUAAcLkZ.jpg,
265,FPwZ5lQWYAIbHPM.jpg,"I'M NOT A FAN OF DONALD TRUMP, BUT I
meal WS a ARE.

. a

AND FOR THOSE THAT/AREA FAN OF DONALD
TRUMP, DENIGRATE MEANS TO ""PUT DOWN"".
"
266,FPw_XYXWUAoASxs.jpg,"I know he's
thinking about}
» other women. 4

‘
Le 8 OM Oe ‘ati!

ecu ataleteloteteSetenty
mila Satauh ate acatetee aaa

St)
Pa
"
267,FPxa0FjX0AICer5.jpg,
268,FPxaXxHXsAIcfwd.jpg,
269,FPxaYvDVsAwgWDT.jpg,"“4 ‘~

| say it one more i
"
270,FPxbEFzX0AEXn1r.png,"se}

"
271,FPxbP3xXsAULTrD.jpg,
272,FPxcFNwXwAE9ZVV.jpg,"WISE MAN, TELL
ME THE SECRETS
OF THE UNIVERSE

"
273,FPxcx_mVsAEEveZ.jpg,"Me: orders same day shipping at 11:59 PM
The Amazon van driver.

"
274,FPxcyWnWYAE6fMe.jpg,
275,FPxd34tXwAgi4Jb.jpg,"The truth
is under
this paper

"
276,FPxdeHGXwAISUMo.jpg,
277,FPxdjY_XwAQ-03l.jpg,
278,FPxdZ6GWYAALd92.jpg,"LUST vs; LOVE —_~¥s- SCHTZOPHRENTA

——=I
""YoU ARE THE MOST BEAUTIFUL PERSON.)| H{ YOU ARE THE MOST BEAUTIFUL PERSON’)

"
279,FPxe7NRWYAEn3es.jpg,"r--------f_Sr~—™

=
£
S
=
=
~
a
ss
=
a
=
o
®
a

File not found

Why am!

"
280,FPxe90lXMAEazdK.jpg,"When airport security
realizes that toilets
have water in them

*Confused screaming*
dl

"
281,FPxfApfXEAUmB-X.jpg,"tilt bat

lf drugs aren’t allowed in sports, why is x [e|
makeup allowed in beauty contests

ALL IMAGES VIDEOS NEWS MAPS

"
282,FPxfDHBX0AoOy_s.jpg,
283,FPxfDklWQAssmY7.jpg,"Motorcyclist W
As Bicyclist Sets Cycling
World Record

"
284,FPxfGLgWQAcDUKq.jpg,"When someone asks me where | get
all my memes from

I

cael
ag

“| GOT FRIENDS IN LOW PLACES”

"
285,FPxfhVpWQAYlWLl.jpg,"“Il love your memes. You must be
fun to hang out with..”

Me in person:

lokiintotheowenverse

"
286,FPxfJGrXwAMuxYS.jpg,"Teachers

NTU »
@ memea .s- .-
6 api.

Students

41 students

AZ
"
287,FPxfjqkXoAURII5.jpg,"LAM DOGE FAN’

"
288,FPxfLzFXIAcNSHu.jpg,"there was a guy doing the airplane
with his daughter on the beach and

my dad asked if he could try omg (

an
aa

"
289,FPxfmSlWYAkbkyA.jpg,"ABOUT WHAT | HAVE INSIDE

ee

"
290,FPxfpm6XIAkCAX-.jpg,"| hope that it will be
me and my boyfriend soon

"
291,FPxfpSAXwAA501s.jpg,"Choose your weapon

(|=

Sling Shot

van

Sword Nun Chucks Magic Staff Scratcher

"
292,FPxfsBaXEAIxX6K.jpg,"Re... -}
~ Ff

what I! do
vw,

~_—

es
"
293,FPxfuzIXwAIFsAJ.jpg,"When you leave them strawberries
sittin’ in the back of the fridge all month

ai
"
294,FPxfxHKX0AAZwOB.jpg,"Post something, I will give
a supportive white dad answer

Ss
"
295,FPxgA-GXoAQsYQr.jpg,"Believe it or not, you’re e playing the wrong TTRPG
j Elaborate) on that.

‘made NO: ‘mematic
"
296,FPxgAn7XEAceRxK.png,"How it actually How UberEats makes you
is think it is
"
297,FPxH4vIXsAcPRlo.jpg,"WHICH WITCH ARE YOu po

Over everyone's shit, fee! { mre
Constantly paring

300 yrs old, and honestly

justwantta binge eat | Sutoterneonles res

"
298,FPxhkPOWYAged41.jpg,"PWoody ©
@PaigeWoodrum

| hate lazy people

honestabe»
@HonestShuaib

Why? We didn't even do anything.

(+) www.canadamemes.com
"
299,FPxiIr0WYAUb7hN.jpg,"BABE WILL YOU PLEASE NO. CHRIST

TURN ON GOOGLE MAPS
ALREADY WILL GUIDE ME

"
300,FPxje4bXMAEXOIK.jpg,"40 DAYS AGO 9 DAYS AGO

‘AON
ax
b ps oS lea

1 hoursherevis)7 voll i A
"
301,FPxlXbeXMAUkbTA.jpg,"Scout fighting the twin
Valiant Gargoyles in Elden
Ring Last night

BULLSHIT
COM,

"
302,FPxM9ftXIAolTsY.jpg,"My new favorite quote

"
303,FPxoKmPXwAwB6QA.png,
304,FPxOVesWUA0W4Vf.jpg,
305,FPxOVHeXMAgXm1u.jpg,"Gy Protestants™

al Or-) 1 ale) | (xs

I don’t think about you at all.
"
306,FPxpCr6X0BAg6NS.jpg,"Turkcell (3 | 72% (i! 23:29

Europe =

Kremlin says
Russia has
suffered
""significant losses'
in Ukraine

Reuters 1 minute read

Y¥9 iH? sa

My View Following Saved nk
,

Awor

rnd oe

J O

"
307,FPXPKa7XsAcgAXG.jpg,"DONIHTREADIONIME

—
+= i
me =
"
308,FPxqonHXIAU_xxk.jpg,
309,FPxR2dUXwA03xou.jpg,
310,FPxRsavXIAkkS2m.jpg,"99942 Apophis

From Wikipedia, the fr lop

99942 Apophis (/9 pofis/) is a near-Earth asteroid and potentially hazardous asteroid with a

diameter of that caused a brief period of concer in December 2004
uld hit Earth on April 13

"
311,FPxRteXX0Ag5Px4.jpg,"amercains talking be like :

david.
@meltdouwn

how do they even install these ..

mikal
@BrainlessEscape

| think they install them and then build
the ocean around it. That makes the
most sense | think
"
312,FPxrxzMWQAECQPp.jpg,"Allow Weather to make
and manage phone calls?

DENY ALLOW

 Letus manage

LS

a. YOUr phone calls

"
313,FPxrZD8WYAEAPhv.jpg,"PARENTS: TELL THE TRUTH, | PROMISE NOT TO GET MAD.
KIDS: i

i willSeme@ you to Jesus

imgftip.com

"
314,FPxskqIWYAQ5O40.jpg,"ane

STAUDECALLS FOR AID!

THEDANK
CHARITY
ALLIANCE:

AND REDDIT WILL ANSWER!

The Dank Charity Alliance for St. Jude

Dank Charity Alliance

$5,210

Support The Dank Charity Allian

"
315,FPxsUaXX0AQ1qND.png,"When you realize Adam and Eve’s
kids had to screw eachother to continue
the human race making us all inbred:

"
316,FPxSzSPXMAgVqhf.jpg,"The other disciples watching Jesus pick
Peter, James and John to accompany him.

"
317,FPxTe9iXIAA7t9H.jpg,
318,FPxTGzJVgBYCc4A.jpg,"When she spreads her legs
and she's already wet...

"
319,FPxTj2JXoAscfC0.jpg,
320,FPxtLqrWYAwNtHk.jpg,"HOW TO DRINK WATER? (Tutorial) Vv

i oy > L

66K Dislike Share Download Save

A

1.7m people before this video:

"
321,FPxUO4IXIAYivKE.jpg,"MOST TRADED MEME TOKEN OF > BINANCE CHAIN LAST 24H
(Update: Apr 10, 2022)

$4.5M
$3.2M
$3.1M
$21M
$M g5 96,
815k
a "" A i 1

i J)

FLOKI TIT _BABYDOGE KIBA MILO ZORO _DOGEKING PULI SHIBA —-VINU

“inp | <0 omnsrer me

MASTER
"
322,FPxUWIcXwAMagBa.jpg,"MOST TRADED MEME TOKEN OF > BINANCE CHAIN LAST 24H

(Update: Apr 10, 2022)

$15.1M
$4.5M
$3.2M
$3.1M
$2.1M
S19M 025k
‘ "" $8 S67 — gros
FLOKI TIT! BABYDOGE KIBA = MILO ZORO DOGEKING PULI SHIBA — VINU
[=
BNB | W «© eomaster ene

MASTER

"
323,FPxv6LgXsAMhP2X.jpg,"DON T LET
ANYONE TREAT
YOU LIKE
FREE SALSA.

YOU ARE GUACAMOLE
BABY,
YOU. ARE. GUACAMOLE.

"
324,FPxvAnEXsAsFMrg.jpg,"g” just-shower-thoughts

If you die while making food in a slow
cooker, whoever finds your body will have
a nice warm meal waiting for them.

> keepcalmandcarrieunderwood

They can also eat whatever is in the slow
cooker too
"
325,FPxvWrGXwAA9nAE.jpg,"Tomorrow isn't promised... just let
him fuck.

"
326,FPxwro1WQAgGex5.jpg,"THE MOUNTAIN TEACHER

diye dtections that

have been th ye: Same all year...
"
327,FPxXjwuXsAsG9g6.jpg,"How to eat
Liver and onions

"
328,FPxY-mDXEAAYJuk.jpg,"r--------f_Sr~—™

=
£
S
=
=
~
a
ss
=
a
=
o
®
a

File not found

Why am!

"
329,FPxYFgZWUAU-UBa.png,
330,FPxZNgWX0AMerAz.jpg,"Hannah Phillips @
“ty @haphillips96
Saw a Cat get rescued from a burning building
and look absolutely pissed about it today.

"
331,FPZDOGUWQAA8IF1.jpg,"Currently the richest man in India

AAPKI ONLINE SHOPPING GANG
"
332,FPzmbIeXoAcBb_7.jpg,
333,FP_QQDyX0AUc-24.jpg,"lam so good
at walking...

Whenever there's a problem, |
just walk away
"
334,FP_QRoiXsAE4eS5.png,"Celebrity: *dies*

Wikipedia editors:

"
335,FP_QSZAXEAkr7Vy.jpg,"r--------f_Sr~—™

=
£
S
=
=
~
a
ss
=
a
=
o
®
a

File not found

Why am!

"
336,FP_QTO6XEAYnnTY.jpg,"Paul: Women should cover their heads.
Me: Why?
Paul: Because of the angels.

All right;-then. Keep sam, Secrets.
"
337,FQ4SyCfaMAc4KBl.jpg,"meri bandi itni hot hai ki, lagta hai
itni garmi me evaporate hi ho gayi !!

"
338,FQ7VDDqaUAA6Zux.jpg,
339,FQA4_ZVXwAAAefM.jpg,"Hazaaron stocks sell kiye hain in haathon
ne lekin yeh haath kabhi nahin kaampe.

Lekin agar mujhe ITC sell karna ho to yeh
haath kaampenge!

"
340,FQAjOSDXwAIbfJU.jpg,"Someone:-Bhagwaan par kitna vishwas
karte ho?

Me:-Itna ki kuch na aane ke pe bhi
paper dene chala jata hu ~
"
341,FQAo7f0WQAIiIdg.jpg,
342,FQAV-zGXwAIiYlz.jpg,"Scher S

@cherrikissu

A iare\esme (0) mant=mcvem(ess)milam carole lel almarane)apmacelualiare|

((dal= Me [E= lal meqcelerelel (ome loyelel=sstomnicelanmni6laloreier-lel=))

4 e : “trees a
gt sree
"
343,FQB0C6nXwAEMXm8.jpg,
344,FQBm6SSXwAM1fpF.jpg,
345,FQBoI1vXIAIs7iq.jpg,"YOU TWEET YOUR
LIFE TO ENTERTAIN PEOPLE

PAN
(CTTWEET MEMES)
0 ENTERTAIN PEOPLE
Sy

WE ARE
NOT THE SAME
"
346,FQBsmgZXwAUmWT3.jpg,"technol

Monday Lisa

© +91-9929244421
"
347,FQBsswPXoAMuY_d.jpg,"“Dad why is my sisters name Rose?”
“Because your Mother loves roses”
“Thanks Dad”

“No Problem AZU LA”

"
348,FQC2BeMXoAQhaI8.png,
349,FQC2CBIWYAMW_2q.png,"Rep r ay 11.6k 4+

fewaway + 43h. si crac places
idifier -. 1Ohes
lou doing on a ‘NSEW question

. * 75k +
"
350,FQC2ohlWUAUpFto.jpg,"The scariest thing we could
fo] sxerenV(-1am ale) Mmuvcele) (om oX-Malelaar-lals
on another planet. We are
psychologically prepared for
aliens but what if we found
ialelaat-lalsmlalsics-\e ira

"
351,FQC2WVjaQAID2Qj.jpg,"“Dad, you need to come home""
""Son I cant, I'm in hospital""

""Mum is trying to sell your
SAZULA""

"
352,FQC2ZojXsAUWpnS.jpg,"13:35 | 6.0KB/sA © VW @ BE! GD

Q @

ate)

@

One World Nation

@OWNcryptoverse

First NFT based Play to Earn game on Crypto Markets.
Own, Breed, Play & Earn Cryptos! discord.gg/
c3DbaBW7TN

© Cryptoverse @& linktr.ee/OWNcryptoverse
Joined December 2021

104 Following 16.4K Followers

CH Followed by %&#WarSindia #€, Cloud@®, Shafia $$ $¢

#. and 29 others

Tweets Tweets & replies Media Likes

% Pinned Tweet

One World Nation @OWNcryptoverse - 1d
) & Ethereum NFT Reveal Contest

SMINCMeINAUICllee 4
Inflate Vitalik & Win $250 inETH 666
| arcnee wer

B® Comment with hashtags
#InflationaryVitalik

#ETH
#Meme
"
353,FQC32sCXIAAYxTi.jpg,
354,FQC3OpVXsAIhB-C.jpg,"ria
@AQUAKTTY

niggas with big ass dicks don’t be
knowing how to fuck

© sarunas jackson stan page @coldertha... - 2d

We're canceling each other over sex takes today.
Post your most cancellable takes on sex

Show this thread
"
355,FQC4klmXEAMOTN8.png,"Rep r ay 11.6k 4+

fewaway + 43h. si crac places
idifier -. 1Ohes
lou doing on a ‘NSEW question

. * 75k +
"
356,FQC5uVeXEAADJSJ.jpg,"ene ‘ GREATER, ENEMIES

"
357,FQCaF8oaUAcs3ot.jpg,"Those Fake Claps We
| BYey— >)

For Our Principal's S
S} ol aiorel a >
"
358,FQCE0FIWQAIRChZ.jpg,
359,FQCh1g-aMAAISgh.jpg,
360,FQCQUwYaMAM2s0-.jpg,"r--------f_Sr~—™

=
£
S
=
=
~
a
ss
=
a
=
o
®
a

File not found

Why am!

"
361,FQCrd0iVIAEGia6.jpg,
362,FQCubDxWYAMg0Dq.jpg,
363,FQCuFK3XIAIIG7C.jpg,
364,FQCuvhmX0AYO7zq.jpg,
365,FQCv8iYaIAIlbhZ.jpg,
366,FQCvg-hXEAApGtv.jpg,"HOW SHE'S DRESSING FOR DINNER

US cee

"
367,FQCvjLJaUAAW5iz.jpg,
368,FQCwqTBakAIHs3f.jpg,"r--------f_Sr~—™

=
£
S
=
=
~
a
ss
=
a
=
o
®
a

File not found

Why am!

"
369,FQCwSMDWQAE38C2.jpg,"MOST TRADED MEME TOKEN OF > BINANCE CHAIN LAST 24H

(Update: Apr 10, 2022)

$15.1M
$4.5M
$3.2M
$3.1M
$2.1M
S19M 025k
‘ "" $8 S67 — gros
FLOKI TIT! BABYDOGE KIBA = MILO ZORO DOGEKING PULI SHIBA — VINU
[=
BNB | W «© eomaster ene

MASTER

"
370,FQCxIgCXIAAZaAx.jpg,
371,FQCxIJ6XoAAdjET.jpg,"SHE’S BEAUTY. SHE’S GRACE.
... SHE PUTS HER HAND IN HER FACE.

"
372,FQCyiKKaAAcptNf.jpg,"Teacher: Next person that laughs can
leave.

*Friend looks at me*

Me:

"
373,FQCyRjeagAEHGjq.jpg,
374,FQCyrUeaMAA2v5b.jpg,"SAVE YOUR FUTURE ASSETS IN ANIMVERSE
"
375,FQCyUecVsAAEB_x.jpg,"wise man, please

tell me truth of

how to be a rich
man

"
376,FQCz8mhXsAMEksg.jpg,"re

flow Elden Ring Playar see
Maliketh the Black Blade

4 ri :

"
377,FQCz9VfXwAIOErr.jpg,"that one guy in a zombie
apocalypse be like

"
378,FQD7w-YagAM30E8.jpg,
379,FQDaANTXoAANxMI.jpg,"\ bought
and staked

. . GAs
|

WOW
Will you
marry me?

"
380,FQDaAvXXMAABhwY.jpg,
381,FQDaBMZXIAgoF2j.png,"—_ I'M NAMED CHANGPENG ZHAO

oo, Cf
Be OF
—— 3

"
382,FQDaBsDXsAIRN2c.jpg,"TEACHER: Who landed on the moon first?
: Neil Armstrong
TEACHER: Why did you write

econ’ :Droverlinu

ELON

"
383,FQDaC90XIAY6D9U.jpg,
384,FQDaCTxXoAI5gcc.jpg,"fag

oe
"
385,FQDaDZ0XoAIRQKL.jpg,"Willem Dafoe Willem Dafoe —-Willem Dafoe Willem Datoe
Lead Guitar ass Drums bythe Guitarivocals

"
386,FQDb7_XWYAEjyHX.jpg,
387,FQDdBODXwAI5W1z.jpg,
388,FQDdknHXIAgJbRQ.jpg,"THE PURPOSE OF OUR LIVES
o © ISTO BEHAPPY ,

"
389,FQDdoTeXwAYmdXr.png,"r--------f_Sr~—™

=
£
S
=
=
~
a
ss
=
a
=
o
®
a

File not found

Why am!

"
390,FQDg7AzWYAQBrKW.jpg,"Will you
Marry me??

"
391,FQDghbhWQAUKTYA.jpg,"Delta IV
Hi

Falcon 9
Vulcan
Atlas V
Ariane 5
Soyuz
Antares

New Glenn
3-stage
New Glenn
2-stage

New Glenn
Landed
Booster

Safe Crocket

Saturn V

"
392,FQDikksXEAEZroW.jpg,"HOMOPHOBIA IS
REALLY STUPID
SO YOU GET ANGRY
BECAUSE THEY GIVE
THEIR DICK TO

a . ‘
ANOTHER DUDE? MY -** 4 y. ‘

MAN THAT'S CALLED
JEALOUSY
"
393,FQDiKKVXEAEA7mi.jpg,"Why dolkeep finding ©
Spanish in the Philippines?
"
394,FQDkLw_XwAMSgFH.jpg,
395,FQDl2biaUAAYFq0.jpg,"When you think you’re drawing on the layer
mask but then realise you’re just painting the
actual layer white.

"
396,FQDl8fnaUAMMZmw.jpg,"6 year old me drinking apple
juice from a fancy glass

"
397,FQDLlcSXoAACiGI.jpg,"i

HE SHOWED ME THIS
$COSG THING

HEY LISTEN, I QUIT....
"
398,FQDlR--WQAMaX8F.jpg,"11:05 ati) LTE &%):
6 —Kin@nNaraYy— — — — — — a —

22h ago from Camera Roll -

tknow say my breast fall but | achieve my aim@
2°

[o] Send a chat >
"
399,FQDm4I7agAAIAHB.jpg,"Them: So how’s your sales career
treating you?

Me: It’s going great!

IG: @TrueSalesMemes

"
400,FQDmbSragAA13oE.jpg,
401,FQDmeJrWYAkki2l.jpg,
402,FQDNIIvaMAYenEY.jpg,"r--------f_Sr~—™

=
£
S
=
=
~
a
ss
=
a
=
o
®
a

File not found

Why am!

"
403,FQDNLT2agAM90D4.jpg,
404,FQDnm-aXwAImyMD.jpg,"What my neighbor sees when | go out
to collect my Amazon packages

"
405,FQDNOuJacAMI0Sa.jpg,
406,FQDNPDraIAcv-DK.jpg,"\Uber Humor °°"" ou, but they are not interested
"
407,FQDP7zEXsAIi4FN.jpg,
408,FQDpz3makAQw6aZ.jpg,
409,FQDqQV8WQAMKGxi.jpg,
410,FQDqujEWYAUEjgH.jpg,"ot tues |» ro +
"
411,FQDQWwSWQAEjcjO.jpg,
412,FQDrBhzaAAI86Ke.jpg,
413,FQDrfXOXwAIbkn0.png,"Prices, ican trust
yellow tree dicks

78.

"
414,FQDsOb4aIAMP-GG.jpg,"DIES : ON. DEATA STAR“

"
415,FQDU2OyXIAIUQca.jpg,"Joe Fayle @JoeFayle - 23h v
eS Went hiking though the mountains. Came
across a piece of quartz that looked foreign
to the region. Dug it out of the trail and to my
delight it had a specimen number glued to it.
WHAT LEGEND IS TAKING THEIR ROCK
COLLECTION FOR A WALK!?
#geology

"
416,FQDUa4IXIAA6DFu.jpg,"Nato tat-vamealomaat-liomil<-ye|

all the female posts, in

this way he shows his
interest in mating.

NATIONAL
GEOGRAPHIC
"
417,FQDuKz4XEAIxOWv.jpg,
418,FQDuPCqaIAUpY6l.jpg,"2003 2006 2019

snotty boy evolution
"
419,FQDuvVsXoAgL7SL.jpg,
420,FQDv5a3XoAcnLtg.jpg,"Always grinding to get WL

“TrippinApeTribe’
i] | a {
1] | |) te
/ | aes
"
421,FQDV5dUWUAYrzvc.jpg,"sadie
@stfusadie

let him do him!! If he doesn’t wanna
reply to ur text until hours later LET
HIM !! lf he don’t wanna hang out w u
or make plans with you, LET HIM BE !!
Aman will do what a man wants to do.
If he wanted to put effort into seeing
you, talking to you, or being w you, HE
WOULD.
"
422,FQDwBASWQAosJrM.jpg,"USED)TO)BE/A|HARD|WORKING|EMPLOYEE|WH
DIDN;T|NEED|ANYONE(TO\TELL Hani woe

MY NEW: Boss sti STARTED fcROMAnAGNG

AND DOUBTING THAT | DON'T WORK

> WHEN HE'S NOT LOOKING. NOW I DONT
""WORK AT ALL WHEN HE'S NOT AROUND.

"
423,FQDxgbxaQAU1rHG.jpg,
424,FQDXpNlXEAQOGHV.jpg,"THE BUTTERFLY EFFECT

"
425,FQDYQjrXwAEO1EO.jpg,"ify

"
426,FQDZ-e6XMAIdeUe.jpg,
427,FQDZ4qIWYAIDI0X.png,"—

a

"
428,FQDZ4UBX0AEGYqz.jpg,
429,FQDZ5L9XwAIotPc.jpg,
430,FQDZ5rdX0AE5Uhf.jpg,"1984

ALL ALL BEEF HOT DOG OR POLISH HOT ‘DOG OR POLISH
“AND 20 0z. SODA (With Refill)

vA POUND PLUS
ALL BEEF HOT DOG OR POLISH | Al
FL AND 2002. SODA (with ren Vi

"
431,FQDZ5_CXoAEcaZE.jpg,"I should have known the answer

"
432,FQDZ6-cWYAIhrQE.jpg,"HOW WE SEE COLORS

SCARLET @
DARK RED Pi Red
WINE RED @
comc i rum @
EGGPLANT
AQMST crnre @ | VIOLET
purrle @
LAVENDER @
CARNATION @
STRAWBERRY @
FUCHSIA @ iad
SALMON @
ORANGE @ opance
YELLOW ©
pore + YELLOW
LIME @
FRESH GRASS @
GREEN @
DARK GREEN @ GREEN
Moss @
GREEN-YELLOW @
SEA GREEN ©
BLUE-GREEN @ LBLUE
Sky BLUE @
TURQUOISE @

NoRHAL
PERSon

f
"
433,FQDZ6gjXoAM3utQ.jpg,
434,FQDZ7h1XIAMSaXv.jpg,
435,FQDZ89RWQAI8Toa.jpg,"CHANGING A NAPPY

ee HAS LEARNED TO ROLL
"
436,FQDZ9Z6XMAACEh9.jpg,"TIM Not MARRIED,
L HAVE No K\Ds...

nh TH AT'S lalla

"
437,FQDZ_sfWQAAFqbZ.jpg,"I will rather visit 4 countries in
two weeks than feed 600 people
at my wedding.
"
438,FR1BuwEaAAAOIvY.jpg,"When you feel guilty for not studying
but you're still not studying

"
439,FRxeBrdXoAYYwb5.jpg,"Elon Musk @
@elonmusk

| bought Twitter, so we can spread our Reptilian news

without censorship * %) % % %

2:56 AM - Apr 28, 2022 - Twitter for iPhone

THOK Retweets  178.5K Quote T)

19) uv 9

B
"
440,FR_n1JiWUAEk40T.jpg,"Market ' Jae

Fed

The

"
441,FR_p8_rXMAEssh3.jpg,"SLEPIMG yvwuole
go0liardare’®
"
442,FS004u2XwAMgLqS.jpg,
443,FS03jyhXsAIclmZ.jpg,
444,FS05gT4WUAItazY.jpg,
445,FS05Nq8acAATjHc.jpg,"no worries

had you by accident

"
446,FS0hJ2lWQAEsj0h.jpg,
447,FS0inwEXwAAfQX3.jpg,"| believe in...

SUPREMACY

Ye
"
448,FS0ipwCWIAA-Xfy.jpg,"TOP & BNBCHAIN
MEME PROJECTS BY
SOCIAL CONTRIBUTION
"
449,FS0jDR4WAAIW1RD.jpg,
450,FS0krs6XsAAL_5I.jpg,"Not everyone at
your workplace is
your friend.

Do your job.
Get paid.
Go home.
"
451,FS0l2dhX0AAWjzW.jpg,
452,FS0mh2MVEAAiqIw.jpg,"Steve Dunn
Tuesday at 10:47 AM- @

@© Told my stepson to clean his room and walked in on
him recording a diss track about me called (U Not My Real

Daddy) @@

"
453,FS0msT_UcAIfVm3.jpg,
454,FS0oP2taAAAkcTV.jpg,"citizensto g&

\ STOP IT
© T=\ ao) gal=)

aY=yIe)

"
455,FS0oyoeWUAAFDY_.jpg," &

"
456,FS0pTUpX0AcEMw_.jpg,"=n gia
LPLANET oF THE APPS |e

BizaRROComIcS.Co
"
457,FS0qOVpX0AI_grw.jpg,
458,FS0QWZfWYAEaML5.jpg,
459,FS0rIzNX0AQaAFD.jpg,"why tf is the devil on my train
SS <

& @s8n

bitch i got places to be mind ur
business
"
460,FS0sysBWAAMszD0.jpg,
461,FS0wXH7WYAEVZD_.jpg,
462,FS0Z4HZXEAIagJl.png,
463,FSBXTSKXIAoZRoM.jpg,"POSTING A GYM PIC
EXPECTATION:

"
464,FSEqfeNXIAMiOdd.jpg,"Getting
drunk
for Anya

Getting
drunk
for Loid
"
465,FSErGWQWUAkweO_.jpg,"lelo)gcvelsy-laver- Were) an
"
466,FSfNoN_XMAEv6Lj.jpg,"The agents back there were calling you a DILF. What is that?

—_— ~— S
"
467,FSG0OCPVsAEZ2UD.jpg,
468,FSGaxDWagAACV1r.jpg,"iis

The guy who
threw away the
body pillow

"
469,FSgRvjDXMAANO4l.jpg,"Every group project has...

"
470,FSgVBf2XwAU-AiT.jpg,"HAHA... IT OON’T REALLY
UNDERSTANO WHAT YOU'RE
TRYING TO ASK ME TO DO.

IF YOU WANT US TO DO
SOMETHING OF A SEXUAL
NATURE, PLEASE EXPRESS
YOUR CONSENT CLEARLY

ANO UNEQUIVOCALLY,

"
471,FShtWC1aMAAcUDR.jpg,"POSTING A GYM PIC
EXPECTATION:

"
472,FShY_vdXsAEzTRI.jpg,"STONETOSS.COM

ARE YOU SURE THIS WILL
HELP US SELL MORE
BURGERS?

"
473,FSj60zpUYAEczYT.png,"! Trade offer |

<<
sal RX eh ColU navel Nee

\

A big wooden horse,

INKoxdaliakepintsinel Cherm say olan’,

"
474,FSjmbjDX0AIig44.png,"Peasant: | cannot pay. These taxes are
unfair

Lord: You talk a lot of shit for someone with
such a flammable house

"
475,FSjzlRgXwAAUZmc.jpg,"POSTING A GYM PIC
EXPECTATION:

"
476,FSkBAzyagAAA_wL.png,"Hello, Hannah. | made it clear in the lease.
No pets.

Do not want hair or fleas in apt.

f i/assure you thet will not be a problem, 4
_ Kent! Frank is hair-free! (and adorable) _
Read 8:20 PM

That is the ugliest thing i've ever seen, |
should be increasing your rent for even
suggesting that
"
477,FSkc1HwWIAEVcjz.jpg,"! Trade offer

em YOUFeciEVE:
A big wool horse

¥

INToydalinre | atelnel Clolah ann celdayg
"
478,FSkJwujX0AI5uIJ.jpg,"tears

The

Clerabitlerabit

(o[oyam me [om of-(e], qa}
- weet?
"
479,FSkLgFLX0AAFf5-.jpg,
480,FSlaEnEWQAA8-YT.png,"POSTING A GYM PIC
EXPECTATION:

"
481,FSlAtA6XwAIejhM.jpg,"| hate it when you see a sign and
suddenly your plans are ruined

"
482,FSlaZ4tUYAAtsU3.jpg,
483,FSlbWleWAAADrWw.jpg,"2 5H
oe

MRS THE LINE VIUBI

"
484,FSlcBqUXsAAo-dl.jpg,"Kid: *doesn't have a partner*

The PE teacher:

| will be your champion.
"
485,FSlcK-uXwAwASpu.jpg,"Joe Biden @
@JoeBiden
|"" United States government official

220,000 deaths.

If you hear nothing else | say tonight,
hear this: Anyone who is responsible
for that many deaths should not remain
President of the United States.

9:13 PM - 10/22/20 - TweetDeck

“LIC BBC News (World) @
NEWS
@ we: inn:

United States passes one million Covid
deaths

8:15 AM - 5/12/22 - SocialFlow
"
486,FSlcOdvWQAIZxAV.jpg,"Hello, Hannah. | made it clear in the lease.
No pets.

Do not want hair or fleas in apt.

a i assure you that will not be a problem, }
~ Keni! Frank is hair-free! (and adorable)

Read 8:20 PM

That is the ugliest thing i've ever seen, |
should be increasing your rent for even
suggesting that
"
487,FSlcQClXwBgAQ8_.jpg,"mow maalecoramnd-V\V melel-tomaalom alllaatslame)e-liamare\icts

around 2.5 petabytes

"
488,FSldBYaXwA8KXgY.jpg,"wl ATST Spm G © aa 12H PM B aul = CRO” BS

"
489,FSldlxfXEAAyrV9.jpg,
490,FSldpP4XwA0bUZy.jpg,
491,FSldQbDVEAEXxcw.jpg,
492,FSldqBhWUAEy3Sl.jpg,"When you procrastinate:

| know what | have to do’but | don’t

made with me-
"
493,FSldqgxX0AUTZ6D.jpg,"_ SHOOTING
BRAKE

"
494,FSldrTIXsAA-SU5.jpg,"Fellow Metalheads,
when someone claims that a band/genre you
enjoy sucks, or is “not real” metal...

Don’t say Do say W

-""You’re gatekeeping” | MALU AR TSU ULC TE
-Homophobic slurs My se fa LIKE.. UH

-Anything that is ;'
tantamount to “no u”

-""ur mom’ a
De

-Insults to intelligence YOUR OPINION, MAN

"
495,FSldsVzXwAgPe70.jpg,"The best Death Metal guitar:

Plays well on very low tuning (D, C
or even B)

Usually has great humbucker
pickups for the signature sound

Body convenient for palm muting,
goes without saying

Can be used for extremely fast
solos
Looks brutal

Guitar that fits
the description:

"
496,FSldsywXwAQLM9O.jpg,"me creating the newest soundcloud metal subgenre

"
497,FSlf5XuXwAw-gTY.jpg,
498,FSlfHpHXwAcR90u.jpg,"when someone passes you the aux and you

Filth Solution - Intolerance

immediately blast 4
ns @ Revenge

>,
tight always wondered why
oe people never use
a their strongest
attock first.
<_ =

CHARA LUIS se oe a2 - a2

[{FIGHT] [>AGT|] [STEM] [xMERCY

"
499,FSlFt6ZXoAIhrnD.jpg,"TV SHOWS IN THE WORLD

PAN

AS

"
500,FSlgC18XwBElVdi.jpg,"Lasagna is just
spaghetti flavored

"
501,FSlgdeCXwBIafcm.jpg,"«o

“pRacon
CRVETO GAMING

"
502,FSlgeOlWUAA6XHe.jpg,"eee oer” STANTS Se
EWE FINALLY MADE ITTO THE:\:H ELoox, THERE'S THE POT OF GOLDE
FEND OF THE RAINGOW f

IT’S...1T's BEAUTIFUL.

"
503,FSlgfPcXwA4glSH.jpg,
504,FSlgfq6XwAkRaBr.png,"~ HEY MARTY, LET'S en BACK a.

ee

‘ ft <> J  _ o— ~Y , a = _ my a9 * ee
"
505,FSlGnx4XwAAkmZo.jpg,"r--------f_Sr~—™

=
£
S
=
=
~
a
ss
=
a
=
o
®
a

File not found

Why am!

"
506,FSlgpbnXwAMP_57.jpg,
507,FSlg_ggWQAAA37q.jpg,"When fuel gets so
expensive you consider
selling your soul

"
508,FSlhU6oXwAo8VFo.jpg,"& Tregear

i kicked a pregnant woman once
10:20 AM - 06 Dec 21

158 Retweets 352 Likes

oO pa Q —
Ultraman Taro
Replying to @Mad_Curiosity

~ what the hell is wrong with you
0 1 tv wy) “

Tregear
when i was in the womb chill mf

'@) im) Q <
"
509,FSLlUEPX0AEBNHi.jpg,"When the simulation decides to start all
the major events at the same time

"
510,FSlO_30WUBgmIv9.jpg,
511,FSlS1r-WUAsUe-I.jpg,"Ithink it's p =a.
not bad,

"
512,FSlUza-WUBgCHgT.jpg,"Reddit arguments be Ke

can
7h ese 4
“ ate ay |
salteletedy _u/deleted
+ |
fee  £=
—hreinxosueele
iis ee
—lrerrevediae Bt
"
513,FSlW9ZxWUBMsNto.jpg,"When you find the
bargain of a lifetime in

"
514,FSlXJNOWUAw_k7g.jpg,"Angel: “Be not afraid!”

Humans:
"
515,FSlYsu4XwB4N9eK.jpg,
516,FSlZ0BLXwAUHKOj.jpg,"Q. what happened to time from brainpop &
All Images News Videos Maps Shopping

Showing results for what happened to tim from
brainpop

Search instead for what happened to time from brainpop

After years of speculation, the man/robot duo
Tim and Moby, famous for videos loved by
overly ambitious elementary schoolers, have
publicly announced their status as a gay
couple. “We weren't sure how people were
going to react,’ Tim stated in their joint press
release. Nov 1, 2020

https://www.northwesternflipside.net > ...

Tim and Moby of BrainPOP Officially
Come Out As Gay | Northwestern Flipside

@About featured snippets [Bl Feedback

People also ask i

Did Tim get replaced on BrainPOP? v
"
517,FSlZTe_XwAozDrM.png,"Asian parents when your blood pressure
was measured 150/100

delicious
Finally, some good fucking grades
5 ——————— —.
"
518,FSn0KaxWYAEJt64.jpg,":
2
&
z

moet

"
519,FSn0uWWXwAAy-vd.jpg,"they finally found wheels
for yo mama's wheelchair

| ( :
cea

"
520,FSn1D1_WUAE1rR4.jpg,"'M NOT Dep
THIS IS JUST’
HOW I LOOK!

"
521,FSn1EgcWIAEQqRl.jpg,
522,FSn1Fg-WAAIdXQk.jpg,"Four of my toes watching the little toe
take a coffee table leg to the face.

"
523,FSn1GN-XsAIQFHa.jpg,
524,FSn1GumWUAEauJX.png,"4

RS
"
525,FSn3_KqWQAADzxY.jpg,"Which side you on?

—<—

limimot racist because x"" |:mrnot racist because |, .—
| VAVOlNS) Cle[VEMIY VI nVelale) e[UrE\IN,
"
526,FSn4YObWYAAddaK.jpg,"oxe

cleanup
"
527,FSn5fywagAAk_tF.jpg,"10 yo me after giving the
teacher the correct answer
after she thought i was

distracted.

"
528,FSn6EwBaIAAt3oU.jpg,
529,FSn9epiVEAEHGfK.jpg,"= Hearing
= *>}) Linkin Park
\ music for

Kiev time.

Hearing Linkin

— S| Park today after

& /) understanding
7) what the songs
) c.. were actually
—— about.
"
530,FSn9G8oVUAATif4.jpg,"Me realizing they
ro fCol am mOrxoM tal iomi lars
Tamiatsmaneda(se

"
531,FSnu9-rXsAAOiSJ.png,"Divorce leads children to the worst place
oer

"
532,FSnzk8DXsAALsf6.jpg,"A
old games?/Really?With\your new PC?

"
533,FSn_pMHXsAIEmbH.jpg,
534,FSo7qU8WIAA3uaA.jpg,
535,FSo8wSyWAAAHDMN.jpg,"""How did you find religion?""

Egyptians:

<a 4 ws
.
, >

yp.
THAT | S°ONE FUCKING NICE KIT Ly
RIGHT THERE,
"
536,FSoAecvaMAE0RJQ.png,"Work From Home:
Expectation:

"
537,FSObeCuakAEUSE7.jpg,"You’re tired

The blanket
is warm

Both sides
of the
pillow are
Cold

It starts
raining

There’s a
distant
thunder

"
538,FSor1YBXsAArmz3.jpg,"""Remember, kids, if YOU don't
brush your teeth, | WILL.’

We _—

"
539,FSoSDYhXEAA7vhB.jpg,"hen your throatis sore and you
just sit there and think about the
ime when it wasn't sore and
how you took swallowing — for
granted

"
540,FSovBBvXsAQTHCa.jpg,"= Hearing

—s Linkin Park
, music for
== the first
, yy time.

Hearing Linkin
= 4 | Park today after
& / ‘ understanding
&]| what the songs
nr _* were actually
r about.
"
541,FSownpnWIAAtHEw.jpg,"(” Skyler Higley
A @skyler_higley

So does Ezra Miller just respawn
outside a police station every time
he’s arrested like in GTA?

(@ Daily Mail US @ @DailyMail - 1d
The Flash star Ezra Miller is filmed being arrested

in Hawaii after 'spitting in man's face during dart
game’ trib.al/S5n9Ld5d
"
542,FSozo9LWQAIS8Ud.jpg,"Janitors:

"
543,FSpChvvXwAIZmic.jpg,"truman
@truman_irl

adatom o){-[el @ancxcr- Mr [eemaliveley4

"
544,FSpCr-_aAAAaHtb.jpg,"Here comes the airplane.

"
545,FSpDi40WIAEp9Yb.jpg,"[I use it and I get an ugly third eye. ]

MULES » » nat
“al — Ty

4

That doesn't seem fair.
"
546,FSpKfnEXoAU5Y6C.jpg,
547,FSqkc3rXsAc3Ax4.png,"“if you believe that Zeus,
Odin, Ahura Mazda, Enki,
Shiva, Quetzalcoatl, Maui,
Poseidon, Taranis, Loki,
Anu, etc. are not real

| a

then you believe
people across cultures
and throughout history jh
have been making up
gods. (I'm sure yours
is real though)

_—— \ 4
=k er
—~
a,
"
548,FSQR5n0WUAEPsUw.jpg,
549,FSqRupfWIAIThr4.jpg,"Jaz
@Jazzmanian_

(G) @westafrikanman
So I’m pumping gas and all | hear is
“god damn” then another man says
“yeah man | said the same thing”

& I’m acting like | don’t hear neither

one &

Qocaine
@Qocaine_

Gas $4 a gallon and you think they
were talking about you @&
"
550,FSqtCARWYAA6nNK.jpg,
551,FSq_tcaXEAQzRjv.jpg,"Price
"
552,FSr5ALoXwAEZugD.jpg,"3 FO @
Im not racist because » Iimmnot racist because |. -
| everyone equally | everyone equally
"
553,FSrkBn0XoAEeFcv.jpg,"The first pocket watch
was made in 1510

German People in 1509:

"
554,FSs0shJWYAApyLM.jpg,"ONIORFRING

"
555,FSs62c9WYAIb3za.jpg,"\Scarlet ee
Witch 5°

oo. Te 4 “
Papas M 7
Se X ¥ ‘ ‘
> we ‘“ ?

: x «
BSN
"
556,FSs8mMlWQAI8Pna.jpg,
557,FSse19ZX0AcdcP0.png,"[You'should get some rest now

Me after finishing}thejexam >.

"
558,FSsIskMaQAAgi-2.jpg,"NFT drops: Like, comment retweet to win
NFT bros:

t 5
‘/ wW,

——
Supplemental™income?

made with mematic
"
559,FSsJfn9acAEvX0t.jpg,"The perfect Zoom
background doesn't exis-

"
560,FSsnIqWXEAAQSeQ.jpg,"CS he
Ce
CHECKER RAK
De, Sk WSS
|
+, oer Get Oe Neg
>, dae, Sear, Soar Seed
a *
KK KK

Oligarch ————> Entrepreneur
Authoritarian ——> Law & Order
Secret Police ——» Undercover Cops
Crush Dissent ——> Riot Control
Gulags ———> Prison Labor
TIVES (*) | ee MCRL

War Crimes ———> Collateral Damage

Weapons ————> Lethal Aid
"
561,FSsO1CvWUAEQRgX.jpg,"When you start writing on

paper after typing for years:

ay
ce
"
562,FSsRSlwaMAAY8ZF.jpg,"|Got RIPPED in2weexs

thanks to The T-VIRUS

2>>Click Here<<< to find out HOW
"
563,FSsTOtLacAA84cF.jpg,
564,FSsTV5zaUAAibqc.jpg,"would you like to be
dunked in holy water?

"
565,FSsu2owWYAIbgNL.jpg,"That ""one song"" in your
playlist, which you never
delete but always skip.

You wont let me live: = weulwjon,t let me die.
"
566,FStBLXYXoAI6sfb.jpg,"What makes a girl Best Waifu?

Their personality

Their actions in
the anime

Their ideals/
beliefs

Their looks

Your
opinion
"
567,FStFwj5X0AAz2yg.jpg,"That ""one song"" in your
playlist, which you never
delete but always skip.

You wont let me live: = weulwjon,t let me die.
"
568,FStH2EtXwAEy0sm.jpg,"When your mom makes a terrible joke but

you don't know how to hunt an antelope on
your own yet

Saw ak
made with ceria Ate +
"
569,FStjKDiXsAAsgOn.png,"imgfip.com
"
570,FStkClGXsAAzAKP.jpg,"IST, MY FAULT,
LEAT GRANDMAS?

a &

NOVITS THEIR FAULT...
FOR NOT GIVING ME A BANANA

"
571,FStl1ZzWIAAfkLv.jpg,"ie cebook YouTube,
"
572,FStP6MbaIAAvePr.jpg,"That ""one song"" in your
playlist, which you never
delete but always skip.

You wont let me live: = weulwjon,t let me die.
"
573,FStPf63XwAYgcn8.jpg,"WVVdat=la mera’, olxom-m il alx-voiamexe)aaley-lanv,
lal=\=1o me [efoto mse) ar-lavomant-14.<-1dlalen

oe

wake up samurai. we have
Foxe) aa) oy-]a\vakel eo) co) aalel i=)
7 J Y
"
574,FStrMrZWIAA9sri.jpg,"That moment you realize
if you turn your head

=< FE Se ba

You're a dead man

"
575,FStu_t9WAAASPmx.png,"@S CREDENCE YS ED
@BrendanCredence

As much as | use my smartphone, |
don't think I've ever seen it in any of
my dreams.

ion eat pork fam
@_kneefuh

svond walT A SECOND
"
576,FSu-jZdWAAMdgcE.jpg,"Proof that Tom Cruise
is a vampire

"
577,FSU6urPVIAEZ5yL.jpg,"Emily Baumgartner

So today at the gym | thought my trainer
was flirting with me when he asked for
my number/ to take a pic of me. Turns
out he thought | resembled BUZZ
LIGHTYEAR and sent me this.

"
578,FSuG1yyWUAE0BnH.jpg,"r--------f_Sr~—™

=
£
S
=
=
~
a
ss
=
a
=
o
®
a

File not found

Why am!

"
579,FSuU39JWYAIC0Yb.png,"liv ©
@oliviabrxtn

This random but | really applaud
strippers. | be tired after twerking
for 5 mins and they go for hours.
True athleticism

3:26 AM - 14 May 22 - Twitter for iPhone
"
580,FSuUgnFWIAEAFfs.jpg,"| like to play this game called nap roulette.
| take anap and not set an alarm. Will it be
20 minutes or 4 hours? Nobody knows.
It's risky and | like it.

"
581,FSUwVn3X0AI5USi.jpg,
582,FSv-cHEWUAADiH3.jpg,"<€ Tweet

@ LaLa
*~- 3 @LilahEvelyn

| love graduation season, | be so
proud of people | don’t even know lol

8:16 AM - 5/13/22 - Twitter for iPhone

44 QK Ratwoaate 2741 OC) Inte Twaatce ARK likac
"
583,FSv-J-tXwAATD2v.jpg,"f
é a
EXTHEINIOHT, ENTER NITIGHT
"
584,FSv-udmVsAArn0J.jpg,
585,FSv0lX4WUAAUalQ.jpg,"WE ARE GETTING || WE NEEO TO TAKE
OLO BUDDY... OUR MEDICINE AND

ViTAMINS...

AND To EN Joy
THE TIME THAT
WE HAVE LEFT.

MAYOKING BY BRIAN KiNG
"
586,FSv0vbmWQAEndhB.jpg,"lam ULTRA-
MAGA!!!

"
587,FSv16UoUAAAP9kd.jpg,
588,FSv1Q4uWQAAN77h.jpg,"Hero: The villain's lair could be anywhere
The villains lair:

donglespace.com

"
589,FSv1x1zX0AAmdQV.jpg,
590,FSv2JTGXwAIpqzX.jpg,"How come when a house is ‘haunted’ it's
always a ghost from the 1700s? Imagine
a ghost from 2007 screaming “ITS
BRITNEY BITCH” at 3am

"
591,FSv3dXVX0AA9SkH.jpg,"? Anonymous 10/19/21(Tue)15:50:37 No.65823522

>make a reddit account posing as a
girl

>repost nudes i got from /b/

>invite redditors to send me clips of
them jerking off

>send those clips to gay dudes and
get them to buy me stuff

>return that stuff for money

>use that money to tip camgirls

14 KB JPG
"
592,FSv3SKmXEAASBac.jpg,"Aa ass ,

"
593,FSv4vgUWYAAOPSl.jpg,"|).

bh ~—
~ eS ors salt 2
"
594,FSv4zYEXEAAQpaV.jpg,"Born too Born too

early to ELC)

explore space _ explore earth
_ Se] Vy

Y
‘)
Vd
1

a

Born just in time to defend
God on the internet

"
595,FSv5tkJXsAI9wK_.jpg,"A polished ball of dirt.

me when someone
compliments me and it boosts
my self esteem up a lil bit

"
596,FSv6LGzWIAE9DZR.jpg,"redlize how luc
"
597,FSv6xk3WIAENnGQ.jpg,"r--------f_Sr~—™

=
£
S
=
=
~
a
ss
=
a
=
o
®
a

File not found

Why am!

"
598,FSv6YNMX0AEPXvm.jpg,"Not sure if boob-bee or

whorenet

"
599,FSv7XU9WIAAWcys.jpg,"When it's the last day of a class
that you liked and the professor
says their last goodbyes:

"
600,FSv8o2DXoAEz7tS.png,"r--------f_Sr~—™

=
£
S
=
=
~
a
ss
=
a
=
o
®
a

File not found

Why am!

"
601,FSv98i4WUAAcwUz.jpg,"Mark Zuckerberg when
he goes for a drive:

(/ =
f / (i

———— A f |

WMmm) MHumanthusic tslike its,
"
602,FSv995LXwAEgXCU.jpg,
603,FSv99EqXsAEGmJn.jpg,"“PATREON/EMMABRAVE

"
604,FSv99g8XwAIoqBs.png,"Sim U

@WhoTFissim

My mom making me come say hi to
somebody | “knew” as a baby

18:32 - 13 May 22 - Twitter for iPhone

21.1K Retweets 1,101 Quote Tweets 165K Likes

| ca) 0) —

a Sim U @WhoTFissim - 10h
by i “They used to change your diapers”.. like o

| still don’t know these people tf@.. drop «
follow & turn on notis

01 1 8 © 668 cd

"
605,FSv9DTFXEAUJAZ2.jpg,"r--------f_Sr~—™

=
£
S
=
=
~
a
ss
=
a
=
o
®
a

File not found

Why am!

"
606,FSvaYIEXoAIhRWQ.jpg,"Mark Zuckerberg when
he goes for a drive:

(/ =
f / (i

———— A f |

WMmm) MHumanthusic tslike its,
"
607,FSvfAmmUYAACymg.jpg,"When you see children making a
tik tok dance in public:

Stop or I'll shoot!
"
608,FSvhjvZXsAArja5.jpg,"When you defeat the main villain
and beat the game but then
remember the amount of people

you killed and the destruction
you caused to reach that point

i
Wastlithe, aa
at ¥

4 )

"
609,FSvilGYWIAAxwfB.png,"r--------f_Sr~—™

=
£
S
=
=
~
a
ss
=
a
=
o
®
a

File not found

Why am!

"
610,FSvioYKWQAEh8Ho.png,"Mark Zuckerberg when
he goes for a drive:

(/ =
f / (i

———— A f |

WMmm) MHumanthusic tslike its,
"
611,FSviptyWUAEctpc.jpg,"wtf ®

where was it ?
"
612,FSvk7XkXsAE83Mc.jpg,"Sh YOUR MOM'S PHONE NUMBER

“TURNED INTO MONEY, HOW MUCH
MONEY WOULD YOU HAVE?

Bakchodi.org

"
613,FSvkLPTXsAoahbb.jpg,"When you are under a vehicle
and a socket rolls away to
just out of you reach.

"
614,FSvm5CCWAAEh2So.jpg,"Bakchodi.org
"
615,FSvn6ZRWQAI-lZH.jpg,"When being a regular cyclist doesn’t
get you hated enough

"
616,FSvNCiJXEAEcbBL.jpg,"SOITY guys

"
617,FSvnRJnWUAUXmaW.jpg,"men is also
sexism.

made with mematic
"
618,FSvo665XEAELwV6.jpg,
619,FSvoiFYXsAASuGL.jpg,"mal 1a(e Mm Cole] ole) [ole] P4- ma colon aalelenn

Me: Yeah, sorry about that

"
620,FSvoj-RWUAIaPHi.jpg,"Nobody:

Architects designing their
own home with their salary:

"
621,FSvolGHXwAAIQBo.jpg,"a
VIDEO: Two jaywalking men in
Tampines show you how to stop vehicle
& road traffic with ‘Power of the Force’
even on green light signal

- ~~ a >

aSGR

Can you guys do this to GST hike
too??

www.theindependent.sg £) [y) @theindependent.sg

"
622,FSvoU4ZWUAcNT7c.jpg,"Having a horny girfriend is a blessing@

"
623,FSvpfcyX0AAMGTZ.png,"Cat: Come pet meg}
cat after 0.2 seconds:

"
624,FSvPI2QXsAIrU8b.jpg,
625,FSvpicJWAAclSWt.png,
626,FSvpsZYX0AALJK1.png,"Random internet ad: Hot girls
in your area want your cock.

Me:

"
627,FSvptRjWYAAjNbm.jpg,"Cop: Anything in this car that | should know about?

Me: Nah, just things you shouldn't know about.

Cop: Cool, have a nice day.

"
628,FSvqA7zWUAInM0F.jpg,"The roblem is we
sta start our day on

©DO You and 16 others 4 Comments « 4 Shares

dp Like () Comment > Share

I'm not sucking dick first thing

inthe morning @ :
"
629,FSvqkbeXoAMYxrk.jpg,"Spang cael
conga
evinionsfon)

ecalit

Im uN die offthis hill

Recclit

Then you will die braver than most.
"
630,FSvquViXsAAjEe1.jpg,"NOT SURE IF
FREETIME

a=

OR JUSTEORGETTING
THINGS
"
631,FSvq_1HWUAE1CcC.png,"__ Sire, this meme only makes
sense if you read the panels
backwards. >
"
632,FSvrAh5XsAQMwwo.jpg,"WHEN EN YOU Hance REMOVE us ull

"
633,FSvRvvEXEAIVUhu.jpg,"Me giving great advice to
people knowing damn well |

won't take it myself:

"
634,FSvSfpkWUAMazhU.jpg,"\ THAT’S RACIST!
* Why is the black
guy the villain?

\ THAT’S RACIST!
@)* Why does the

2 black guy have to
get shot?

)\ THAT’S RACIST!
\. Why is it only

) black people

killing each other?

TV

THAT’S RACIST!
\. Why are there no
black people in
this movie?

"
635,FSvshuzWYAIEpaT.png,"This guy who yelled, “where did
you hide your treasure!” should
be called Ask D. Question =

€ =

"
636,FSvsiudXEAIx2yM.jpg,
637,FSvtCoYWAAMLa6g.jpg,"when you realise Sam Raimi created
another bully:

made with mematic
"
638,FSvtNwmUcAAZqbc.jpg,"© pus
BUTTON
FOR
WALK
—_—_—_—
SIGNAL
CJ Es,

©® Not interested in this Tweet
"
639,FSvv6i4WAAAI2fW.jpg,"7 years old me when the computer
wasn't even turned on

"
640,FSvvguEUUAAf9sv.jpg,"putting ice in
your drink to
make it cooler

putting ice in
your drink so you

can eat it

"
641,FSvvO7_WYAAHWgN.jpg,"Transition to handgun and
let your rifle hang, the
barrel isn't that hot

The Barrel:
| -

"
642,FSvvz5HXoAAYMo-.jpg,
643,FSvWch1WIAEsAuV.jpg,"When he asks “did you cum” after 2
minutes of missionary with no foreplay

DD chines rcmemernanctaten

"
644,FSvwhAeWAAQ9Oou.png,
645,FSvylSwXEAU3TOr.jpg,"My NFT VS_ Your Degree

$100,000

Be
Liability (debt)
Interest payments

"
646,FSvyXmPWQAERHVy.jpg,"war

"
647,FSvzblyWYAAKmKE.jpg,
648,FSvzL59WQAMDN8p.jpg,"Fun frog facts!

Six minutes remain
"
649,FSv_qodWIAEpluQ.jpg,"Mean Girl

21

"
650,FSv_ZzpXwAQPzO8.jpg,"lol my neighbour in
creative mode

"
651,FSwagH0WQAEpJHX.jpg,"ae ge

“OH REALLY=YOU THINK: you) HAD

"
652,FSwagYuWQAAxfvg.jpg,"FOR PRESIDENT
"
653,FSwAMfXWIAA0moA.jpg,"“Just start saving! You'll be able
to buy a house in no time”
Housing market: |

_

a ""Weldon't do that here”
"
654,FSwCHEPWYAImzsi.jpg,"® silentwatrust Follow

i had a thought today like man, my ancestors would probably not approve
very much of me being such an extravagent glutton, but then i was like wtf
are u kidding. those dumbasses didn’t live on a fuckin potato ass diet for

no minimalism. they didn't do what they did, whatever the fuck it was, for

me NOT to fucking eat my bodyweight in sashimi!!! they would be fucking
ecstatic to see me making the most of my opportunities for plenty. they
would be fucking cheering me on. every lice-covered cossack and illiterate
serf and three-toothed yak herder in my lineage is with me in this restaurant,
and they are going absolutely apeshit watching me try to fit an entire

samosa in my mouth

@, silentwatrust Follow
i)

ilove this idea that the ancestors are following modern people around

descendant’

me, standing in front of the burger king counter like the blithering hunger
gibbon i am: i'll have... uhhh... double whopper with fries. thank you. large

please

the 500 mongolian tatar and polish jew ghosts behind me: [ERUPT INTO
WILD SCREAMING AND HIGH FIVES]
"
655,FSwdssJX0AUaUt9.jpg,
656,FSwefTMUAAAXqnb.jpg,
657,FSwEVKMWAAMBx4j.jpg,"a Earning some money for yourself
® Doing your studies

=) Graduating and finding ajob
O Blaming government for everything

*communisoin
students

Bakchodi.org
"
658,FSwfqL4VIAAsA5A.jpg,
659,FSwghfHWAAE1i33.png,
660,FSwgJF3WYAAdVgC.jpg,"obviously hetter
‘than your waifu

astottois
the bestwaifu

BS
‘novol!
zero two obviously is
the best waifu in
‘the anime history!

agreed
"
661,FSwgRHPX0AETDOy.jpg,
662,FSwGrUvWYAY2i1M.jpg,"Looking for where | asked for your
opinion

"
663,FSwhuLmWYAEL7kQ.jpg,"Have a berry

"
664,FSwIdDPXsAEp2dd.png,"Whales watching me buy coins at
a discount

"
665,FSwISDFXoAMDjXY.jpg,"My asshole at the 150th wine:

"
666,FSwJ3oFWIAMJ3TJ.jpg,"""Hey shut up for a sec my dad's calling”

My friend next to me about to make the
most authentic female moaning sound
you've ever heard in your life:

"
667,FSwJEzLXwAAKOWG.jpg,
668,FSwjlGQXoAEedrl.jpg,"humans: * create the Titanic *
iceberg: * destroys it *
humans: * create global warning *

"
669,FSwL5t-WAAEFUxc.jpg,"When she sliding my Fenty Men
boxers off

1:31 PM - 9/24/20 - Twitter Web App
"
670,FSwlbTaXEAEkwqU.jpg,"14. Kenny Lay (Parody)
@EnronChairman

Next time you are feeling down
about your portfolio losing money,
remember life is all about
perspective.

For example, | have a friend who has
sex 3-4 times a week, works out
twice a day and reads a book every
week.

Yet, every day, he complains about
how much he hates prison.
"
671,FSwm-ICWIAAfjYw.jpg,"Elon Musk @

@elonmusk
Mho Controls the memes,
‘trols the Universe

® Jun 20 - Twitter for iPhone :
Make Tweets 717-1
— Weets 11.2K Quote Tweets 717""

a @

~~
"
672,FSwmFzAWQAAUW38.jpg,"Shit talking. or
er

££ SS
\ A Ny | Ww

YARN
QD
A®TSAA
is %

idk 0 cant

COMMNUUMICEE

"
673,FSwmTaRWIAAk44z.jpg,"THIS IS

My Taste In Men

"
674,FSwN7RSWAAE8JiS.jpg,"7 2 — 4, Ia
Ea he ae ware
"
675,FSwNkLjVsAA1zew.jpg,"$HOKK IS AVAILABLE
ON THREE CHAINS

The quickest and easiest way to buy SHOKK is through our
own decentralised exchange.

Buy Tax 2% Sell Tax 6%

"
676,FSwP6D-WQAQBd4w.jpg,
677,FSwPX3kUcAEl9QD.jpg,"Dr: You're as healthy as a horse

Me: Great!

Dr: a horse with cancer
| |

"
678,FSwQ7zJUYAAt87h.png,"Yesterday a creep told me
he loved my long hair, so
_ today | cut it

@ Phukkya Fielings
| love your neck
"
679,FSwQBlVWQAA0AeM.jpg,"; oy
CHER EYS kid'trying to
- . lose weight! .... -. &

ae P.

""Me, still a fat kid

ia stronger
danek Cees...
ie i ty
"
680,FSwQGwCXoAEKTv9.jpg,"r--------f_Sr~—™

=
£
S
=
=
~
a
ss
=
a
=
o
®
a

File not found

Why am!

"
681,FSwQjNlWUAAauWZ.jpg,"Axx \et's get
({f \adivorce

iret aN

w ete you get the,
Satie house if you
take the ki

me at 35

lam a dungeon
master

"
682,FSwQvV-XoAQTWIW.jpg,"Godzilla had a stroke trying to read
this and fucking died

"
683,FSwR6QCUcAEr0ZN.jpg,"HEREIS A TIMETRAVELLING
MACHINE FOR) THE PAST

"
684,FSwRyqNUAAA0Djq.jpg,"Go ahead and destroy
i the financial district
S Godzilla. Make the
people happy
"
685,FSwSRqaWAAAT75e.jpg,"THE SCROLL oF
t TRUTH!

Earth is
neither Flat |
nor Round,

"
686,FSwSxuzWQAAZ1Fx.jpg,
687,FSwTvpZUcAE0g0G.jpg,"* chuuch
@chOO0Och

sorry can't come out tonight i gotta sit
alone in front of a muted tv opening
and closing the same 4 social media
apps until 3am
"
688,FSwTZorWUAUqGWY.jpg,"BAD MEMES CREATE BEAR MARKETS
"
689,FSwUNSpWUAEIQY3.jpg,"r--------f_Sr~—™

=
£
S
=
=
~
a
ss
=
a
=
o
®
a

File not found

Why am!

"
690,FSwW0-KX0AAehnu.jpg,"9 Viral Tweets - Follow Topic

Noah *
@noahdonotcare
told her i’d show her the world

and my card got declined at

mcdonalds
5:26 am - 14 May 22 - Twitter for iPhone

10.4K Retweets 897 Quote Tweets

126K Likes
"
691,FSwWjRtXoAA6rIh.png,"Dr: You're as healthy as a horse
Me: Great!
Dr: a horse with cancer

"
692,FSwWrQwXEAAUOia.png,
693,FSwX5FoXoAEVATQ.jpg,"Urge to play 5 ""Let's try something

Mass Effect different this time.""

Romance Tali Earthborn
in Mass Sole Survivor
Effect 2/3 Paragon Soldier

Omg @3 Tali ¢
"
694,FSwYl1yWAAA2QJp.jpg,"M i

PN aliesy aYoxoy tayo ic 1 6
| will make a wish

a) Make AVAX

price as
cheap as LUNA

"
695,FSwYLF3X0AEqI60.png,
